10,500
0.0
0.06237424,0.058350097,0.13682093,0.072434604,0.17505029,0.10060362,0.14084506,0.04828974,0.13279678,0.072434604
1.0
0.16923077,0.12307692,0.07692308,0.12307692,0.12307692,0.07692308,0.046153847,0.015384615,0.13846155,0.10769231
1.0
0.02631579,0.05263158,0.078947365,0.078947365,0.25,0.039473683,0.09210526,0.02631579,0.13157895,0.2236842
0.0
0.09708738,0.1262136,0.09708738,0.14563107,0.029126214,0.0776699,0.19417477,0.058252428,0.116504855,0.058252428
0.0
0.06060606,0.06666666,0.12121212,0.06060606,0.13333333,0.06060606,0.18181817,0.054545455,0.2060606,0.054545455
1.0
0.2601156,0.12716763,0.040462427,0.06936416,0.023121387,0.046242774,0.15028901,0.08092485,0.1618497,0.040462427
0.0
0.08715596,0.07339449,0.1146789,0.059633024,0.09633027,0.08715596,0.16055045,0.08715596,0.13761467,0.09633027
1.0
0.11363637,0.13636364,0.07575758,0.1590909,0.18181819,0.12878788,0.03787879,0.060606062,0.053030305,0.053030305
0.0
0.1,0.1,0.05,0.1,0.05,0.05,0.25,0.0,0.2,0.1
1.0
0.049999997,0.099999994,0.07,0.049999997,0.099999994,0.08,0.03,0.12,0.17999999,0.22
1.0
0.03883495,0.1553398,0.061488677,0.14239483,0.055016182,0.093851134,0.12944984,0.03883495,0.210356,0.07443366
1.0
0.040816326,0.10204081,0.10204081,0.10204081,0.091836736,0.1122449,0.13265306,0.06122449,0.12244898,0.13265306
0.0
0.03883495,0.2524272,0.058252428,0.30097088,0.029126214,0.04854369,0.17475729,0.009708738,0.03883495,0.04854369
0.0
0.113107115,0.071190946,0.09514304,0.08183633,0.14238189,0.10246174,0.10512308,0.09580838,0.1184298,0.07451763
1.0
0.075,0.112500004,0.10833334,0.12916668,0.045833334,0.12916668,0.116666675,0.05416667,0.15,0.07916667
1.0
0.074324325,0.11486487,0.13513514,0.12162162,0.054054055,0.10810811,0.12837838,0.054054055,0.16216217,0.0472973
1.0
0.075581394,0.093023255,0.11046512,0.075581394,0.13953489,0.08139535,0.16860466,0.075581394,0.0872093,0.093023255
1.0
0.12068965,0.06896552,0.15517241,0.18965517,0.06896552,0.12068965,0.03448276,0.06896552,0.12068965,0.051724136
1.0
0.09756097,0.15299335,0.13968958,0.19733925,0.07538803,0.13303769,0.037694015,0.07538803,0.045454547,0.045454547
1.0
0.020833334,0.1875,0.083333336,0.14583334,0.10416667,0.16666667,0.020833334,0.041666668,0.14583334,0.083333336
1.0
0.06410257,0.06410257,0.08974359,0.07692308,0.06410257,0.12820514,0.15384616,0.025641026,0.17948718,0.15384616
1.0
0.0754717,0.18867925,0.18867925,0.1509434,0.018867925,0.16981132,0.018867925,0.1509434,0.03773585,0.0
1.0
0.125,0.075,0.1,0.1,0.0,0.1,0.1,0.2,0.1,0.1
0.0
0.095238104,0.06349207,0.06349207,0.047619052,0.07936508,0.06349207,0.19047621,0.11111112,0.25396827,0.031746034
1.0
0.082474224,0.12371133,0.0927835,0.15463917,0.082474224,0.082474224,0.082474224,0.12371133,0.11340206,0.061855666
1.0
0.16250001,0.1375,0.0875,0.0875,0.125,0.15,0.025,0.0875,0.0875,0.05
0.0
0.08064516,0.11290322,0.11290322,0.16129032,0.032258064,0.12903225,0.12903225,0.06451613,0.09677419,0.08064516
1.0
0.083333336,0.1388889,0.16666667,0.1388889,0.0,0.16666667,0.083333336,0.19444445,0.027777778,0.0
1.0
0.075862065,0.0862069,0.05862069,0.1,0.05862069,0.055172414,0.25172412,0.06896552,0.17586207,0.06896552
0.0
0.13513514,0.10810811,0.10810811,0.1891892,0.054054055,0.10810811,0.054054055,0.081081085,0.054054055,0.10810811
1.0
0.051282052,0.15384616,0.15384616,0.07692308,0.07692308,0.12820514,0.025641026,0.025641026,0.12820514,0.17948718
0.0
0.09592326,0.10311751,0.09592326,0.07913669,0.14148681,0.086330935,0.10071943,0.07913669,0.13669065,0.08153477
1.0
0.052238803,0.09701493,0.111940295,0.111940295,0.067164175,0.11940298,0.17164178,0.067164175,0.12686567,0.07462686
1.0
0.07971015,0.11594203,0.07971015,0.10144928,0.15217392,0.06521739,0.108695656,0.0942029,0.0942029,0.108695656
0.0
0.018181818,0.16363636,0.10909091,0.14545454,0.090909086,0.14545454,0.090909086,0.018181818,0.12727273,0.090909086
1.0
0.040816326,0.08163265,0.12244898,0.10204081,0.08673469,0.10204081,0.17857142,0.035714284,0.20408162,0.045918368
1.0
0.041237112,0.10309278,0.14432989,0.16494845,0.05154639,0.10309278,0.16494845,0.030927833,0.17525773,0.020618556
0.0
0.045454547,0.06818182,0.045454547,0.045454547,0.18181819,0.022727273,0.20454547,0.045454547,0.09090909,0.25
1.0
0.0,0.121951215,0.121951215,0.24390243,0.09756097,0.14634146,0.07317073,0.0,0.07317073,0.121951215
1.0
0.018348623,0.09633027,0.12385321,0.07339449,0.18807338,0.10550458,0.14220183,0.036697246,0.12385321,0.09174311
1.0
0.18421052,0.08373205,0.05502392,0.08373205,0.078947365,0.052631576,0.12440191,0.114832535,0.145933,0.07655502
0.0
0.14832535,0.10047846,0.095693775,0.10047846,0.0430622,0.10526315,0.047846887,0.17703348,0.090909086,0.090909086
0.0
0.0625,0.08035715,0.08035715,0.053571433,0.20535715,0.071428575,0.107142866,0.026785716,0.08928572,0.2232143
1.0
0.05,0.112500004,0.1,0.075,0.2125,0.0625,0.05,0.0625,0.0375,0.2375
0.0
0.06451613,0.06451613,0.088709675,0.048387095,0.18548387,0.10483871,0.12096774,0.07258064,0.12096774,0.12903225
0.0
0.1875,0.03125,0.0625,0.046875,0.15625,0.03125,0.109375,0.140625,0.109375,0.125
0.0
0.023809524,0.13095239,0.071428575,0.10714286,0.1904762,0.14285715,0.10714286,0.023809524,0.071428575,0.13095239
1.0
0.085271314,0.15503876,0.10852713,0.046511628,0.062015504,0.116279066,0.13953489,0.069767445,0.14728682,0.069767445
0.0
0.030303031,0.09090909,0.10606061,0.060606062,0.07575758,0.16666667,0.18181819,0.0,0.09090909,0.1969697
1.0
0.08547009,0.11111112,0.07692308,0.07692308,0.20512822,0.11965813,0.051282056,0.06837607,0.042735044,0.16239317
0.0
0.069767445,0.058139533,0.10465116,0.046511628,0.13953489,0.058139533,0.23255813,0.058139533,0.116279066,0.116279066
0.0
0.12222222,0.12222222,0.13333334,0.1,0.07777778,0.15555556,0.044444446,0.1,0.06666667,0.07777778
1.0
0.047169812,0.0754717,0.056603774,0.08490566,0.10377359,0.0754717,0.254717,0.03773585,0.21698114,0.047169812
0.0
0.32857144,0.08571429,0.071428575,0.08571429,0.042857144,0.071428575,0.057142857,0.1,0.08571429,0.071428575
0.0
0.025641026,0.115384616,0.08974359,0.15384616,0.06410257,0.06410257,0.17948718,0.051282052,0.17948718,0.07692308
1.0
0.0,0.08,0.16,0.16,0.04,0.14,0.22,0.02,0.099999994,0.08
0.0
0.08866995,0.12315271,0.08866995,0.12315271,0.05418719,0.06896552,0.15763547,0.073891625,0.14285713,0.07881773
0.0
0.02173913,0.15217392,0.08695652,0.108695656,0.13043478,0.04347826,0.17391305,0.0,0.23913044,0.04347826
0.0
0.016393442,0.09836065,0.14754097,0.114754096,0.13114753,0.16393441,0.06557377,0.016393442,0.09836065,0.14754097
1.0
0.055555556,0.19444445,0.11111111,0.083333336,0.1388889,0.16666667,0.097222224,0.013888889,0.055555556,0.083333336
1.0
0.0,0.16949153,0.118644066,0.10169491,0.06779661,0.20338982,0.16949153,0.0,0.10169491,0.06779661
1.0
0.05687204,0.20379147,0.07582939,0.12322275,0.04265403,0.10426541,0.033175357,0.052132703,0.18483412,0.12322275
1.0
0.04329004,0.09307359,0.077922076,0.10822511,0.2099567,0.10606061,0.11255411,0.04978355,0.10606061,0.09307359
1.0
0.08438818,0.08438818,0.118143454,0.08438818,0.12658226,0.08016877,0.13502109,0.067510545,0.10126582,0.118143454
1.0
0.09156194,0.08438061,0.11310593,0.100538604,0.15978457,0.12746859,0.11490126,0.04129264,0.08617595,0.080789946
1.0
0.042105265,0.11578948,0.10526316,0.094736844,0.03157895,0.13684212,0.17894737,0.042105265,0.17894737,0.073684216
0.0
0.06875,0.06875,0.09375,0.09375,0.15625,0.09375,0.16250001,0.056250002,0.081250004,0.125
1.0
0.106837615,0.11538462,0.09615385,0.10470086,0.11111112,0.106837615,0.06410257,0.0982906,0.11538462,0.081196584
1.0
0.04477612,0.12686567,0.15671642,0.111940295,0.067164175,0.10447761,0.15671642,0.029850746,0.15671642,0.04477612
0.0
0.053278685,0.081967205,0.073770486,0.081967205,0.14754097,0.081967205,0.15983605,0.053278685,0.17622949,0.09016393
1.0
0.045454547,0.102272734,0.14772728,0.056818184,0.18181819,0.11363637,0.056818184,0.045454547,0.102272734,0.14772728
1.0
0.03448276,0.08045977,0.13793103,0.057471264,0.11494253,0.18390805,0.14942528,0.03448276,0.14942528,0.057471264
1.0
0.028301887,0.1509434,0.10377359,0.1509434,0.03773585,0.13207547,0.06603774,0.0754717,0.13207547,0.12264151
0.0
0.10666667,0.06666667,0.13333334,0.053333335,0.14666668,0.08,0.08,0.08,0.10666667,0.14666668
1.0
0.07692308,0.115384616,0.08461539,0.12307692,0.13076924,0.115384616,0.06153846,0.046153847,0.06923077,0.17692308
0.0
0.07575758,0.0959596,0.08080808,0.09090909,0.08080808,0.116161615,0.1010101,0.07575758,0.14646465,0.13636364
1.0
0.17475729,0.0776699,0.13592233,0.08737864,0.13592233,0.1262136,0.019417476,0.17475729,0.009708738,0.058252428
1.0
0.084375,0.0875,0.115625,0.09375,0.05,0.15625,0.159375,0.06875,0.153125,0.03125
1.0
0.061728396,0.10493827,0.12962963,0.0925926,0.16049382,0.049382716,0.16049382,0.049382716,0.14814815,0.043209877
0.0
0.10606061,0.07575758,0.10606061,0.121212125,0.060606062,0.060606062,0.13636364,0.121212125,0.121212125,0.09090909
1.0
0.093827166,0.14320989,0.1308642,0.16790125,0.037037037,0.14567901,0.086419754,0.051851854,0.106172845,0.037037037
0.0
0.08070866,0.11220472,0.12007874,0.12598425,0.06496063,0.12795275,0.13779527,0.068897635,0.12401575,0.037401576
1.0
0.05882353,0.13235295,0.05882353,0.05882353,0.1764706,0.13235295,0.13235295,0.04411765,0.04411765,0.16176471
0.0
0.16101696,0.059322033,0.11016949,0.06779661,0.084745765,0.16101696,0.1440678,0.10169491,0.06779661,0.042372882
0.0
0.035714287,0.10714286,0.11904762,0.071428575,0.0952381,0.11904762,0.083333336,0.0952381,0.13095239,0.14285715
1.0
0.05952381,0.10714286,0.13095239,0.083333336,0.083333336,0.14285715,0.083333336,0.083333336,0.11904762,0.10714286
1.0
0.023809524,0.13095239,0.14285715,0.083333336,0.04761905,0.16666667,0.14285715,0.023809524,0.11904762,0.11904762
1.0
0.030927833,0.11340206,0.077319585,0.13917525,0.020618556,0.11340206,0.23195876,0.05154639,0.17010309,0.05154639
0.0
0.16838047,0.07455013,0.08226221,0.10025707,0.06812339,0.09383033,0.14138818,0.1336761,0.09254499,0.044987146
0.0
0.06896552,0.07471264,0.10344827,0.06321839,0.12068965,0.09770115,0.12643678,0.057471264,0.16091955,0.12643678
1.0
0.075630255,0.100840345,0.084033616,0.09243698,0.09243698,0.13445379,0.09243698,0.050420173,0.11764707,0.15966387
1.0
0.21739131,0.02173913,0.054347828,0.06521739,0.06521739,0.04347826,0.2826087,0.097826086,0.097826086,0.054347828
1.0
0.04,0.06666667,0.120000005,0.08,0.13333334,0.120000005,0.13333334,0.053333335,0.18666667,0.06666667
0.0
0.14649682,0.10828026,0.070063695,0.12101911,0.07643312,0.05732484,0.11464968,0.14649682,0.089171976,0.070063695
0.0
0.10362694,0.0777202,0.046632122,0.08290155,0.0880829,0.031088082,0.20207253,0.046632122,0.19689119,0.12435233
1.0
0.07643312,0.10828026,0.12101911,0.12101911,0.07643312,0.13375796,0.12101911,0.031847134,0.15286624,0.05732484
1.0
0.1328125,0.09375,0.125,0.140625,0.03125,0.1484375,0.0859375,0.1015625,0.109375,0.03125
1.0
0.18803419,0.18803419,0.06837607,0.11111112,0.06837607,0.11111112,0.051282056,0.13675214,0.051282056,0.025641028
0.0
0.07272727,0.16363636,0.090909086,0.07272727,0.07272727,0.07272727,0.14545454,0.054545455,0.14545454,0.10909091
1.0
0.09352518,0.10071943,0.15107913,0.10071943,0.10071943,0.17266187,0.043165468,0.050359715,0.09352518,0.09352518
1.0
0.15384616,0.12820514,0.07692308,0.102564104,0.025641026,0.12820514,0.025641026,0.07692308,0.25641027,0.025641026
1.0
0.05769231,0.09615385,0.11538462,0.11538462,0.1923077,0.09615385,0.01923077,0.03846154,0.13461539,0.13461539
0.0
0.06382979,0.19148935,0.14893617,0.10638297,0.08510638,0.08510638,0.12765957,0.04255319,0.08510638,0.06382979
1.0
0.09219858,0.14893617,0.10638297,0.13475177,0.06382979,0.09929077,0.09929077,0.08510638,0.07801418,0.09219858
1.0
0.07234042,0.11914893,0.08510638,0.059574466,0.13617021,0.08510638,0.1574468,0.04255319,0.13617021,0.10638297
0.0
0.046875,0.140625,0.125,0.0625,0.0625,0.15625,0.140625,0.0,0.1875,0.078125
0.0
0.1938873,0.051575933,0.07067813,0.065902576,0.10983763,0.05253104,0.12225406,0.14708692,0.106017195,0.08022922
1.0
0.08450704,0.06338028,0.07394366,0.09154929,0.112676054,0.09859155,0.21830985,0.07042253,0.1056338,0.08098591
0.0
0.07692308,0.12820514,0.102564104,0.23076923,0.0,0.07692308,0.25641027,0.025641026,0.07692308,0.025641026
1.0
0.053333335,0.086666666,0.10666667,0.08,0.26666668,0.07333334,0.086666666,0.02,0.093333334,0.13333334
1.0
0.033333335,0.13333334,0.18333334,0.15,0.083333336,0.15,0.15,0.016666668,0.06666667,0.033333335
1.0
0.0390625,0.046875,0.125,0.09375,0.1640625,0.1015625,0.125,0.0390625,0.0859375,0.1796875
0.0
0.027777778,0.055555556,0.1388889,0.11111111,0.1388889,0.16666667,0.125,0.055555556,0.11111111,0.06944445
0.0
0.084337346,0.084337346,0.09638554,0.13253012,0.14457831,0.10843373,0.13253012,0.024096385,0.09638554,0.09638554
0.0
0.13157895,0.065789476,0.039473683,0.078947365,0.065789476,0.10526316,0.17105263,0.09210526,0.15789473,0.09210526
0.0
0.036789298,0.073578596,0.09698997,0.06020067,0.13043478,0.10702341,0.14046822,0.080267556,0.15050167,0.12374582
1.0
0.05882353,0.052287582,0.078431375,0.09150327,0.1633987,0.05882353,0.11764706,0.06535948,0.11764706,0.19607843
1.0
0.043010753,0.11827957,0.103942655,0.10752688,0.12903225,0.11111111,0.05734767,0.103942655,0.089605734,0.13620071
1.0
0.124600634,0.10543131,0.1341853,0.13099042,0.11821086,0.08306709,0.047923323,0.08306709,0.095846646,0.076677315
0.0
0.016393442,0.049180325,0.081967205,0.09836065,0.09836065,0.114754096,0.18032786,0.06557377,0.21311474,0.081967205
1.0
0.09090909,0.11751663,0.10864745,0.11529934,0.079822615,0.11308204,0.101995565,0.09534368,0.10643016,0.070953436
0.0
0.053333335,0.060000002,0.08,0.06666667,0.22666667,0.07333334,0.12666667,0.086666666,0.13333334,0.093333334
0.0
0.103896104,0.058441557,0.09090909,0.103896104,0.14285715,0.077922076,0.16883117,0.019480519,0.15584415,0.077922076
1.0
0.111853085,0.14858097,0.098497495,0.14691152,0.041736227,0.11519198,0.058430716,0.10016694,0.13689482,0.041736227
1.0
0.026086956,0.13043478,0.11304347,0.09565217,0.052173913,0.13043478,0.2173913,0.026086956,0.17391303,0.034782607
0.0
0.08503401,0.054421768,0.10204081,0.07142857,0.1122449,0.07823129,0.15306123,0.07823129,0.20408162,0.06122449
1.0
0.0234375,0.0859375,0.0703125,0.0859375,0.1640625,0.0703125,0.0625,0.0546875,0.0625,0.3203125
1.0
0.086666666,0.120000005,0.07333334,0.120000005,0.02,0.11333334,0.16666667,0.14666668,0.11333334,0.04
0.0
0.07826087,0.09565217,0.052173913,0.069565214,0.14782608,0.12173913,0.17391303,0.052173913,0.052173913,0.15652174
0.0
0.15784216,0.12476412,0.09224109,0.12975913,0.07237207,0.09312909,0.064935066,0.12409812,0.07847708,0.06238206
0.0
0.13793103,0.15517241,0.051724136,0.0862069,0.06896552,0.13793103,0.06896552,0.10344827,0.15517241,0.03448276
1.0
0.09638554,0.13253012,0.084337346,0.1566265,0.06024096,0.21686746,0.072289154,0.084337346,0.024096385,0.072289154
0.0
0.08252427,0.12135922,0.08252427,0.16019417,0.058252428,0.07281554,0.13106796,0.10194175,0.09708738,0.09223301
1.0
0.140625,0.125,0.109375,0.171875,0.046875,0.078125,0.109375,0.046875,0.15625,0.015625
1.0
0.046511628,0.14728682,0.10852713,0.15503876,0.046511628,0.093023255,0.17829457,0.015503876,0.13178295,0.07751938
1.0
0.04,0.12,0.16,0.14,0.02,0.099999994,0.099999994,0.08,0.22,0.02
1.0
0.03125,0.140625,0.15625,0.15625,0.078125,0.109375,0.0,0.0,0.15625,0.171875
0.0
0.018181818,0.19999999,0.090909086,0.07272727,0.10909091,0.19999999,0.12727273,0.018181818,0.018181818,0.14545454
0.0
0.20952381,0.07380953,0.054761905,0.06904762,0.09047619,0.035714287,0.14761905,0.12142858,0.11190476,0.08571429
0.0
0.13245033,0.069536425,0.102649,0.069536425,0.08940397,0.105960265,0.14238411,0.09271523,0.13907285,0.05629139
1.0
0.027777778,0.11111111,0.2777778,0.055555556,0.083333336,0.1388889,0.055555556,0.11111111,0.027777778,0.11111111
0.0
0.054216865,0.10240963,0.10843373,0.13855422,0.09638554,0.10240963,0.13253012,0.06626506,0.12650602,0.072289154
0.0
0.07272727,0.090909086,0.14545454,0.14545454,0.07272727,0.18181817,0.18181817,0.036363635,0.0,0.07272727
0.0
0.09815951,0.116564415,0.10429448,0.08588957,0.06134969,0.073619634,0.116564415,0.12883435,0.06748466,0.14723927
0.0
0.048076924,0.10576923,0.086538464,0.10576923,0.009615385,0.14423077,0.086538464,0.05769231,0.28846154,0.067307696
0.0
0.07035176,0.110552765,0.08040201,0.12562814,0.04522613,0.11557789,0.14572865,0.110552765,0.12562814,0.07035176
0.0
0.025641026,0.17948718,0.15384616,0.12820514,0.102564104,0.15384616,0.025641026,0.15384616,0.0,0.07692308
1.0
0.0,0.2631579,0.10526316,0.21052632,0.05263158,0.10526316,0.10526316,0.05263158,0.10526316,0.0
1.0
0.3125,0.171875,0.109375,0.046875,0.046875,0.0625,0.046875,0.140625,0.015625,0.046875
0.0
0.0,0.102564104,0.14102565,0.12820514,0.14102565,0.1923077,0.15384616,0.0,0.08974359,0.051282052
1.0
0.06849315,0.09931507,0.10273972,0.14041096,0.10958904,0.11986301,0.0890411,0.04109589,0.13013698,0.09931507
0.0
0.10638297,0.10638297,0.06382979,0.06382979,0.19148935,0.04255319,0.11702127,0.04255319,0.11702127,0.14893617
1.0
0.0,0.0882353,0.05882353,0.23529412,0.0882353,0.05882353,0.05882353,0.029411765,0.20588236,0.1764706
1.0
0.12307692,0.13846155,0.10769231,0.15384616,0.07692308,0.10769231,0.07692308,0.07692308,0.13846155,0.0
0.0
0.07575758,0.055555556,0.08080808,0.0959596,0.10606061,0.045454547,0.21717171,0.09090909,0.14646465,0.08585858
1.0
0.030674845,0.10429448,0.13496932,0.092024535,0.116564415,0.09815951,0.06748466,0.06134969,0.11042944,0.18404907
0.0
0.014705882,0.14705883,0.080882356,0.11764706,0.1985294,0.05882353,0.11764706,0.073529415,0.09558824,0.09558824
1.0
0.06289308,0.163522,0.11320754,0.19496855,0.11949685,0.08805031,0.050314464,0.018867925,0.10691824,0.081761
0.0
0.12727273,0.12727273,0.18181817,0.19999999,0.036363635,0.12727273,0.036363635,0.0,0.12727273,0.036363635
0.0
0.12027675,0.08515168,0.08142629,0.08887707,0.15699841,0.09632784,0.07344332,0.15061203,0.065460354,0.08142629
1.0
0.054545455,0.054545455,0.21818182,0.12727273,0.12727273,0.16363636,0.018181818,0.018181818,0.07272727,0.14545454
1.0
0.0758427,0.04494382,0.084269665,0.0758427,0.123595506,0.07865169,0.14606741,0.073033705,0.23033708,0.06741573
1.0
0.074074075,0.22222222,0.11111111,0.22222222,0.11111111,0.074074075,0.0,0.11111111,0.0,0.074074075
1.0
0.0,0.2,0.15555556,0.13333334,0.17777778,0.17777778,0.022222223,0.022222223,0.044444446,0.06666667
1.0
0.0,0.1904762,0.0952381,0.23809524,0.04761905,0.0,0.1904762,0.0,0.14285715,0.0952381
1.0
0.07272727,0.10909091,0.14545454,0.090909086,0.10909091,0.16363636,0.090909086,0.018181818,0.018181818,0.18181817
1.0
0.09589041,0.16438356,0.09589041,0.08219178,0.05479452,0.1369863,0.10958904,0.06849315,0.08219178,0.10958904
0.0
0.10344827,0.14367816,0.13793103,0.15804598,0.0057471264,0.1724138,0.09770115,0.08908046,0.054597702,0.03735632
0.0
0.03846154,0.11538462,0.07692308,0.11538462,0.11538462,0.23076925,0.03846154,0.0,0.07692308,0.1923077
0.0
0.023809524,0.071428575,0.071428575,0.14285715,0.16666667,0.071428575,0.16666667,0.0,0.14285715,0.14285715
1.0
0.05732484,0.10191083,0.089171976,0.10828026,0.089171976,0.13375796,0.12101911,0.025477707,0.14649682,0.12738854
0.0
0.16666667,0.041666668,0.1875,0.1875,0.020833334,0.125,0.10416667,0.125,0.041666668,0.0
0.0
0.11409396,0.087248325,0.09060403,0.077181205,0.147651,0.06375839,0.08389262,0.060402684,0.1375839,0.1375839
0.0
0.022222223,0.2,0.13333334,0.08888889,0.022222223,0.11111111,0.08888889,0.0,0.08888889,0.24444444
1.0
0.03846154,0.13461539,0.11538462,0.05769231,0.13461539,0.15384616,0.07692308,0.09615385,0.07692308,0.11538462
1.0
0.13364056,0.059907835,0.0921659,0.09677419,0.06451613,0.0921659,0.19815668,0.09677419,0.13824885,0.02764977
0.0
0.0,0.15789473,0.13157895,0.18421052,0.078947365,0.078947365,0.15789473,0.05263158,0.10526316,0.05263158
1.0
0.024390243,0.121951215,0.121951215,0.07317073,0.09756097,0.1707317,0.1707317,0.024390243,0.1707317,0.024390243
1.0
0.014492754,0.11594203,0.08695652,0.08695652,0.04347826,0.08695652,0.26086956,0.0,0.20289856,0.10144928
0.0
0.1590909,0.045454547,0.11363637,0.13636364,0.045454547,0.09090909,0.13636364,0.06818182,0.11363637,0.09090909
0.0
0.1,0.1,0.1,0.1,0.3,0.2,0.0,0.0,0.0,0.1
0.0
0.037037037,0.055555556,0.14814815,0.037037037,0.0925926,0.055555556,0.14814815,0.018518519,0.2037037,0.2037037
0.0
0.088607594,0.11392406,0.16455697,0.11392406,0.050632913,0.12658228,0.088607594,0.12658228,0.101265825,0.025316456
1.0
0.09489051,0.10948905,0.10218978,0.08029197,0.05839416,0.10948905,0.2189781,0.03649635,0.16788322,0.02189781
0.0
0.050420173,0.075630255,0.09243698,0.09243698,0.13445379,0.09243698,0.075630255,0.084033616,0.20168069,0.100840345
0.0
0.097826086,0.092391305,0.05978261,0.06521739,0.08152174,0.07065217,0.18478261,0.04347826,0.25,0.054347828
0.0
0.0,0.10958904,0.16438356,0.12328767,0.09589041,0.09589041,0.12328767,0.04109589,0.02739726,0.21917808
1.0
0.04680851,0.05106383,0.0893617,0.10212766,0.114893615,0.059574466,0.23404254,0.034042552,0.19148935,0.07659574
1.0
0.038709678,0.09032258,0.16129032,0.12903225,0.058064517,0.12258064,0.09032258,0.07096774,0.051612902,0.18709677
1.0
0.06349207,0.095238104,0.11904763,0.03968254,0.071428575,0.08730159,0.21428573,0.03968254,0.22222224,0.047619052
0.0
0.14814815,0.14814815,0.074074075,0.14814815,0.037037037,0.14814815,0.14814815,0.0,0.074074075,0.074074075
0.0
0.015151516,0.121212125,0.15151516,0.18181819,0.10606061,0.18181819,0.07575758,0.0,0.09090909,0.07575758
0.0
0.09065156,0.0509915,0.07082153,0.04532578,0.13597733,0.065155804,0.17847025,0.04249292,0.20113315,0.11898017
0.0
0.029411765,0.0882353,0.10294118,0.11764706,0.05882353,0.20588236,0.11764706,0.04411765,0.13235295,0.10294118
1.0
0.15625,0.109375,0.046875,0.125,0.0625,0.140625,0.109375,0.078125,0.125,0.046875
0.0
0.13513514,0.10810811,0.1891892,0.13513514,0.0,0.21621622,0.0,0.16216217,0.0,0.054054055
1.0
0.10784314,0.039215688,0.10784314,0.04901961,0.25490198,0.04901961,0.078431375,0.078431375,0.09803922,0.13725491
1.0
0.071428575,0.107142866,0.14285715,0.21428573,0.071428575,0.17857143,0.107142866,0.071428575,0.035714287,0.0
1.0
0.083333336,0.12037037,0.1388889,0.19444445,0.018518519,0.1388889,0.074074075,0.055555556,0.10185185,0.074074075
0.0
0.088607594,0.101265825,0.088607594,0.07594937,0.088607594,0.06329114,0.12658228,0.06329114,0.17721519,0.12658228
0.0
0.17857143,0.071428575,0.125,0.1607143,0.071428575,0.14285715,0.107142866,0.053571433,0.017857144,0.071428575
1.0
0.10696517,0.09701493,0.094527364,0.0920398,0.049751244,0.08457711,0.17910448,0.077114426,0.12935323,0.08955224
0.0
0.0,0.13636364,0.13636364,0.15151516,0.030303031,0.16666667,0.24242425,0.015151516,0.10606061,0.015151516
0.0
0.00990099,0.0990099,0.16831683,0.10891089,0.16831683,0.13861386,0.10891089,0.01980198,0.0990099,0.07920792
1.0
0.031088082,0.098445594,0.07253886,0.12435233,0.14507772,0.05699482,0.12953368,0.046632122,0.13989636,0.1554404
0.0
0.0625,0.107142866,0.14285715,0.107142866,0.08928572,0.08035715,0.11607143,0.04464286,0.125,0.125
1.0
0.0882353,0.23529412,0.1764706,0.05882353,0.0,0.14705883,0.11764706,0.029411765,0.11764706,0.029411765
1.0
0.06111111,0.12777779,0.06111111,0.15555556,0.06666667,0.016666668,0.14444445,0.06111111,0.18888889,0.11666667
0.0
0.0,0.05263158,0.28947368,0.28947368,0.078947365,0.21052632,0.02631579,0.02631579,0.0,0.02631579
1.0
0.074074075,0.07777777,0.08888888,0.08888888,0.13703704,0.08888888,0.07037037,0.107407406,0.09259259,0.17407407
1.0
0.125,0.075,0.125,0.075,0.05,0.175,0.075,0.05,0.2,0.05
0.0
0.10810811,0.13513514,0.14864865,0.081081085,0.12162162,0.14864865,0.081081085,0.027027028,0.081081085,0.06756757
1.0
0.056818184,0.125,0.09090909,0.14772728,0.045454547,0.07954545,0.18181819,0.022727273,0.20454547,0.045454547
1.0
0.0,0.15384616,0.07692308,0.20512821,0.12820514,0.025641026,0.07692308,0.051282052,0.20512821,0.07692308
1.0
0.016666668,0.16666667,0.10000001,0.116666675,0.050000004,0.10000001,0.18333334,0.050000004,0.116666675,0.10000001
0.0
0.1857585,0.08049536,0.06501548,0.061919503,0.099071205,0.0743034,0.1486068,0.111455105,0.11764705,0.055727553
0.0
0.29216868,0.036144577,0.021084337,0.018072288,0.19879517,0.018072288,0.12048192,0.16867469,0.045180723,0.0813253
1.0
0.08510638,0.14893617,0.10638297,0.14893617,0.021276595,0.12765957,0.08510638,0.12765957,0.08510638,0.06382979
0.0
0.07865169,0.11235955,0.13483146,0.06741573,0.06741573,0.101123594,0.123595506,0.11235955,0.11235955,0.08988764
0.0
0.032786883,0.09836065,0.14754097,0.114754096,0.0,0.16393441,0.13114753,0.06557377,0.114754096,0.13114753
1.0
0.14049587,0.19008264,0.090909086,0.16528925,0.03305785,0.099173546,0.041322313,0.12396694,0.090909086,0.024793386
1.0
0.0,0.083333336,0.083333336,0.125,0.083333336,0.16666667,0.041666668,0.083333336,0.16666667,0.16666667
0.0
0.05882353,0.05882353,0.23529412,0.11764706,0.1764706,0.1764706,0.0,0.05882353,0.11764706,0.0
1.0
0.0,0.31034482,0.03448276,0.1724138,0.0,0.06896552,0.2413793,0.06896552,0.10344827,0.0
0.0
0.057377048,0.13114753,0.06557377,0.13934426,0.09016393,0.114754096,0.09836065,0.057377048,0.17213114,0.073770486
0.0
0.10344827,0.12068965,0.051724136,0.13793103,0.1724138,0.0862069,0.03448276,0.077586204,0.060344826,0.15517241
0.0
0.0,0.25925925,0.037037037,0.14814815,0.0,0.14814815,0.11111111,0.037037037,0.1851852,0.074074075
0.0
0.03,0.06,0.11,0.13,0.14,0.08,0.12,0.04,0.14,0.14999999
1.0
0.05882353,0.11764706,0.1764706,0.11764706,0.05882353,0.23529412,0.0,0.05882353,0.029411765,0.14705883
0.0
0.0,0.18055555,0.083333336,0.083333336,0.06944445,0.1388889,0.19444445,0.027777778,0.18055555,0.041666668
1.0
0.10670978,0.12287793,0.09458367,0.15844786,0.027485853,0.098625705,0.1196443,0.10751819,0.11641067,0.04769604
1.0
0.028985508,0.14492753,0.11594203,0.11594203,0.072463766,0.14492753,0.23188406,0.014492754,0.11594203,0.014492754
1.0
0.21276595,0.12765957,0.10638297,0.11702127,0.04255319,0.08510638,0.09574468,0.08510638,0.06382979,0.06382979
0.0
0.0,0.08695652,0.17391305,0.17391305,0.13043478,0.08695652,0.08695652,0.0,0.08695652,0.17391305
0.0
0.07462686,0.08208955,0.08208955,0.10447761,0.04477612,0.07462686,0.14179105,0.11940298,0.20895521,0.067164175
0.0
0.10655737,0.040983602,0.09016393,0.057377048,0.2377049,0.057377048,0.032786883,0.057377048,0.17213114,0.14754097
0.0
0.10526316,0.0631579,0.094736844,0.03157895,0.15789475,0.0631579,0.094736844,0.05263158,0.18947369,0.14736843
1.0
0.032786883,0.114754096,0.081967205,0.16393441,0.081967205,0.21311474,0.049180325,0.032786883,0.13114753,0.09836065
1.0
0.07038123,0.09090909,0.1085044,0.11143695,0.1319648,0.13489737,0.114369504,0.041055717,0.102639295,0.09384164
0.0
0.14285715,0.054945055,0.07692308,0.08791209,0.054945055,0.06043956,0.16483517,0.14285715,0.093406595,0.12087912
1.0
0.06666667,0.13333334,0.23333335,0.10000001,0.13333334,0.20000002,0.10000001,0.0,0.0,0.033333335
1.0
0.023809524,0.083333336,0.14285715,0.16666667,0.083333336,0.16666667,0.0952381,0.05952381,0.083333336,0.0952381
0.0
0.3045977,0.025862068,0.031609196,0.022988506,0.07183908,0.03735632,0.083333336,0.1637931,0.13793103,0.12068965
0.0
0.039215688,0.13725491,0.1764706,0.09803922,0.078431375,0.21568628,0.039215688,0.039215688,0.039215688,0.13725491
0.0
0.04385965,0.10526316,0.06140351,0.06140351,0.13157895,0.0877193,0.1754386,0.078947365,0.16666667,0.0877193
1.0
0.0,0.26086956,0.17391305,0.21739131,0.02173913,0.15217392,0.0,0.108695656,0.02173913,0.04347826
1.0
0.018867925,0.16981132,0.13207547,0.0754717,0.03773585,0.18867925,0.16981132,0.018867925,0.11320755,0.0754717
1.0
0.04157549,0.1619256,0.14660832,0.1750547,0.03501094,0.1750547,0.13347921,0.02844639,0.078774616,0.024070023
1.0
0.041044775,0.15298507,0.09701493,0.13059701,0.09328358,0.11940298,0.09328358,0.08208955,0.11567164,0.07462686
1.0
0.036363635,0.18181817,0.25454545,0.12727273,0.036363635,0.19999999,0.054545455,0.036363635,0.036363635,0.036363635
0.0
0.06666667,0.10666667,0.120000005,0.13333334,0.21333334,0.053333335,0.053333335,0.04,0.06666667,0.14666668
1.0
0.022988506,0.11494253,0.04597701,0.14942528,0.09195402,0.11494253,0.16091955,0.03448276,0.1954023,0.06896552
0.0
0.010416667,0.114583336,0.10416667,0.09375,0.114583336,0.125,0.125,0.020833334,0.15625,0.13541667
0.0
0.11036339,0.09825034,0.11978465,0.09152086,0.12786002,0.11709286,0.07671601,0.090174966,0.0794078,0.08882907
1.0
0.04385965,0.1491228,0.114035085,0.1491228,0.06140351,0.15789473,0.10526316,0.02631579,0.0877193,0.10526316
0.0
0.10055865,0.08379888,0.1340782,0.07821229,0.17318435,0.08938547,0.0670391,0.0726257,0.08938547,0.11173184
1.0
0.030303031,0.15151516,0.060606062,0.09090909,0.15151516,0.09090909,0.09090909,0.09090909,0.121212125,0.121212125
0.0
0.09677419,0.06451613,0.07526882,0.032258064,0.1827957,0.06451613,0.12903225,0.11827957,0.043010753,0.19354838
1.0
0.05263158,0.09774436,0.09022556,0.17293234,0.04511278,0.07518797,0.11278196,0.07518797,0.17293234,0.10526316
1.0
0.15754339,0.04138852,0.06141522,0.042723633,0.13351135,0.08010681,0.114819765,0.13484646,0.11748999,0.11615488
0.0
0.11163896,0.04750594,0.07125891,0.059382424,0.13657957,0.07363421,0.14370547,0.17933492,0.09501188,0.081947744
1.0
0.081081085,0.16216217,0.16216217,0.13513514,0.054054055,0.10810811,0.027027028,0.0,0.054054055,0.21621622
1.0
0.051724136,0.14655173,0.10344827,0.06896552,0.14655173,0.12931034,0.12931034,0.03448276,0.06896552,0.12068965
1.0
0.048076924,0.12019231,0.09134616,0.1298077,0.028846156,0.12019231,0.22115386,0.072115384,0.12019231,0.048076924
1.0
0.0625,0.102272734,0.07386364,0.07386364,0.096590914,0.056818184,0.19886364,0.0625,0.19886364,0.07386364
1.0
0.02,0.11,0.14,0.11,0.13,0.099999994,0.089999996,0.03,0.14999999,0.12
1.0
0.021276595,0.19148935,0.29787233,0.23404254,0.021276595,0.10638297,0.08510638,0.021276595,0.0,0.021276595
1.0
0.03846154,0.08974359,0.102564104,0.15384616,0.16666667,0.03846154,0.051282052,0.0,0.30769232,0.051282052
1.0
0.13206336,0.11130137,0.11515411,0.10059931,0.09888699,0.10980308,0.05094178,0.12692636,0.06999144,0.08433219
1.0
0.04347826,0.08695652,0.13043478,0.26086956,0.08695652,0.17391305,0.0,0.08695652,0.0,0.13043478
0.0
0.076271184,0.076271184,0.059322033,0.06779661,0.09322034,0.10169491,0.12711865,0.059322033,0.16101696,0.1779661
1.0
0.064,0.128,0.080000006,0.080000006,0.08800001,0.104,0.192,0.072000004,0.15200001,0.040000003
1.0
0.06417112,0.07486631,0.13101605,0.10427808,0.061497327,0.15508021,0.13903743,0.0882353,0.13903743,0.04278075
1.0
0.08955224,0.1641791,0.17910448,0.22388059,0.014925373,0.08955224,0.05970149,0.08955224,0.08955224,0.0
0.0
0.04895105,0.06993007,0.18181819,0.12587413,0.17482518,0.09090909,0.04195804,0.034965035,0.07692307,0.15384614
1.0
0.17142858,0.17142858,0.057142857,0.114285715,0.028571429,0.14285715,0.08571429,0.028571429,0.17142858,0.028571429
0.0
0.109375,0.171875,0.140625,0.1875,0.078125,0.09375,0.0625,0.03125,0.078125,0.046875
0.0
0.0,0.22222222,0.11111111,0.0,0.0,0.16666667,0.22222222,0.055555556,0.11111111,0.11111111
0.0
0.11818182,0.099999994,0.08181818,0.06363636,0.16363636,0.054545455,0.08181818,0.07272727,0.099999994,0.16363636
1.0
0.18613139,0.16423358,0.05109489,0.24817517,0.05839416,0.04379562,0.054744527,0.040145986,0.076642334,0.076642334
1.0
0.06790124,0.11111111,0.16049382,0.08024691,0.0925926,0.13580248,0.08024691,0.055555556,0.09876543,0.117283955
1.0
0.16129032,0.043010753,0.10752688,0.09677419,0.032258064,0.05376344,0.15053764,0.11827957,0.09677419,0.13978495
1.0
0.11111111,0.12962963,0.083333336,0.11574074,0.02314815,0.125,0.14814815,0.12037037,0.125,0.018518519
1.0
0.037037037,0.2037037,0.11111111,0.1851852,0.018518519,0.16666667,0.037037037,0.037037037,0.074074075,0.12962963
0.0
0.08,0.10666667,0.120000005,0.14666668,0.08,0.08,0.22666667,0.0,0.120000005,0.04
1.0
0.024390243,0.113821134,0.07317073,0.07317073,0.1300813,0.09756097,0.113821134,0.07317073,0.17886178,0.121951215
0.0
0.1627907,0.062015504,0.054263566,0.065891474,0.07364341,0.069767445,0.18604651,0.14728682,0.089147285,0.089147285
1.0
0.013157895,0.17105263,0.09210526,0.13157895,0.15789473,0.078947365,0.118421055,0.09210526,0.078947365,0.065789476
0.0
0.025316456,0.1392405,0.07594937,0.16455697,0.050632913,0.20253165,0.07594937,0.037974685,0.1392405,0.088607594
1.0
0.0,0.125,0.25,0.1,0.025,0.22500001,0.1,0.0,0.1,0.075
1.0
0.08510638,0.11702127,0.11702127,0.101063825,0.06382979,0.101063825,0.09042553,0.069148935,0.16489361,0.09042553
0.0
0.11111111,0.0925926,0.074074075,0.055555556,0.037037037,0.11111111,0.24074075,0.074074075,0.16666667,0.037037037
1.0
0.061643835,0.09589041,0.0890411,0.0890411,0.05479452,0.15068492,0.17123288,0.061643835,0.15753424,0.06849315
0.0
0.030864198,0.074074075,0.08024691,0.061728396,0.12345679,0.12962963,0.16049382,0.055555556,0.16666667,0.117283955
1.0
0.102272734,0.11363637,0.102272734,0.102272734,0.022727273,0.11363637,0.09090909,0.07954545,0.2159091,0.056818184
1.0
0.028571429,0.17142858,0.25714287,0.057142857,0.08571429,0.2,0.057142857,0.057142857,0.08571429,0.0
1.0
0.05555556,0.13492064,0.11111112,0.12698413,0.07936508,0.07936508,0.071428575,0.071428575,0.10317461,0.16666667
0.0
0.18620689,0.075862065,0.055172414,0.089655176,0.15172413,0.096551724,0.15172413,0.04137931,0.075862065,0.075862065
1.0
0.055555556,0.1,0.12222222,0.12222222,0.13333334,0.1,0.044444446,0.06666667,0.1,0.15555556
0.0
0.15873016,0.11111112,0.11111112,0.17460318,0.06349207,0.047619052,0.07936508,0.047619052,0.14285715,0.06349207
1.0
0.058139533,0.08139535,0.069767445,0.08139535,0.15116279,0.034883723,0.1627907,0.10465116,0.1627907,0.093023255
1.0
0.052083336,0.09375,0.114583336,0.114583336,0.13541667,0.13541667,0.052083336,0.07291667,0.0625,0.16666667
1.0
0.046153847,0.092307694,0.15384616,0.15384616,0.03076923,0.092307694,0.15384616,0.10769231,0.13846155,0.03076923
1.0
0.0,0.15789473,0.13157895,0.078947365,0.10526316,0.21052632,0.13157895,0.0,0.02631579,0.15789473
0.0
0.0875,0.125,0.05,0.125,0.0625,0.0375,0.2375,0.025,0.2125,0.0375
0.0
0.06987952,0.045783132,0.091566265,0.07228916,0.21686748,0.08192771,0.11807229,0.05060241,0.096385546,0.15662651
0.0
0.053333335,0.08,0.14666668,0.10666667,0.120000005,0.17333333,0.10666667,0.026666667,0.120000005,0.06666667
1.0
0.11111111,0.14444445,0.07777778,0.12222222,0.055555556,0.11111111,0.15555556,0.033333335,0.17777778,0.011111111
1.0
0.10204081,0.10204081,0.108843535,0.088435374,0.054421768,0.15646258,0.14965986,0.07482993,0.13605443,0.027210884
1.0
0.09411765,0.11764706,0.15294118,0.08235294,0.105882354,0.11764706,0.047058824,0.12941177,0.023529412,0.12941177
0.0
0.14084506,0.08450704,0.12676056,0.056338027,0.0,0.15492958,0.23943661,0.056338027,0.14084506,0.0
0.0
0.0,0.032258064,0.16129032,0.22580644,0.09677419,0.12903225,0.06451613,0.032258064,0.12903225,0.12903225
1.0
0.022727273,0.11363637,0.1590909,0.13636364,0.13636364,0.06818182,0.022727273,0.06818182,0.09090909,0.18181819
1.0
0.03202847,0.06405694,0.07829181,0.07473309,0.18505338,0.06761566,0.14590748,0.06049822,0.17437722,0.11743772
1.0
0.07017544,0.14035088,0.10526316,0.19298247,0.0,0.19298247,0.07017544,0.10526316,0.10526316,0.01754386
1.0
0.0,0.20454547,0.20454547,0.045454547,0.0,0.11363637,0.20454547,0.045454547,0.09090909,0.09090909
0.0
0.1590909,0.11363637,0.09090909,0.09090909,0.06818182,0.09090909,0.13636364,0.022727273,0.20454547,0.022727273
0.0
0.0,0.13333334,0.16666667,0.0,0.0,0.13333334,0.16666667,0.0,0.3,0.10000001
1.0
0.11494253,0.13793103,0.057471264,0.12643678,0.04597701,0.18390805,0.11494253,0.10344827,0.08045977,0.03448276
0.0
0.08383234,0.09580839,0.08383234,0.11976048,0.10179641,0.12574852,0.14970061,0.02994012,0.11976048,0.08982036
0.0
0.11827957,0.07526882,0.09677419,0.13978495,0.06451613,0.05376344,0.15053764,0.086021505,0.11827957,0.09677419
0.0
0.023255814,0.13953489,0.093023255,0.069767445,0.23255813,0.093023255,0.093023255,0.046511628,0.116279066,0.093023255
1.0
0.06145251,0.08938547,0.1368715,0.08100558,0.19832401,0.11173184,0.07821229,0.058659215,0.07821229,0.10614525
1.0
0.081081085,0.03783784,0.15675676,0.032432433,0.15135136,0.10270271,0.097297296,0.07567568,0.10270271,0.16216217
1.0
0.036764707,0.09558824,0.1764706,0.125,0.05882353,0.13970588,0.13970588,0.036764707,0.125,0.066176474
0.0
0.14285715,0.12987013,0.09090909,0.051948052,0.077922076,0.064935066,0.19480519,0.051948052,0.14285715,0.051948052
1.0
0.0,0.10526316,0.15789473,0.10526316,0.0877193,0.12280702,0.10526316,0.01754386,0.19298247,0.10526316
1.0
0.03448276,0.12068965,0.051724136,0.0862069,0.13793103,0.10344827,0.10344827,0.01724138,0.10344827,0.2413793
0.0
0.019607844,0.09803922,0.11764707,0.078431375,0.12745099,0.0882353,0.21568628,0.04901961,0.0882353,0.11764707
1.0
0.052173913,0.104347825,0.060869563,0.104347825,0.047826085,0.099999994,0.24347825,0.047826085,0.15652174,0.08260869
1.0
0.18666667,0.06666667,0.07333334,0.06666667,0.10666667,0.060000002,0.12666667,0.120000005,0.10666667,0.086666666
1.0
0.040816326,0.1632653,0.15306123,0.10204081,0.0,0.12244898,0.1632653,0.051020406,0.12244898,0.08163265
1.0
0.05263158,0.1263158,0.11578948,0.10526316,0.05263158,0.18947369,0.08421053,0.042105265,0.10526316,0.1263158
1.0
0.045454547,0.21212122,0.13636364,0.121212125,0.060606062,0.060606062,0.121212125,0.07575758,0.09090909,0.07575758
1.0
0.0,0.18421052,0.18421052,0.18421052,0.05263158,0.13157895,0.23684211,0.0,0.02631579,0.0
1.0
0.05769231,0.13461539,0.11538462,0.1923077,0.0,0.09615385,0.07692308,0.11538462,0.21153846,0.0
1.0
0.0,0.06382979,0.15957446,0.06382979,0.14893617,0.12765957,0.11702127,0.04255319,0.13829787,0.13829787
1.0
0.057934508,0.09319899,0.089000836,0.0906801,0.16540723,0.085642315,0.13937867,0.04366079,0.15617128,0.078925274
0.0
0.09306931,0.055445544,0.07920793,0.055445544,0.2079208,0.11485149,0.08118812,0.104950495,0.09702971,0.11089109
0.0
0.0625,0.125,0.171875,0.078125,0.1875,0.078125,0.0625,0.03125,0.109375,0.09375
0.0
0.04411765,0.14705883,0.05882353,0.0882353,0.05882353,0.11764706,0.22058824,0.11764706,0.11764706,0.029411765
1.0
0.056105614,0.07920793,0.08250825,0.08580858,0.1468647,0.090759076,0.14521453,0.056105614,0.1468647,0.11056106
0.0
0.15555556,0.06666667,0.044444446,0.13333334,0.044444446,0.06666667,0.26666668,0.13333334,0.08888889,0.0
1.0
0.020833334,0.0,0.083333336,0.27083334,0.20833334,0.14583334,0.10416667,0.041666668,0.0625,0.0625
1.0
0.09677419,0.09677419,0.16129032,0.22580644,0.0,0.12903225,0.06451613,0.032258064,0.19354838,0.0
1.0
0.1,0.10714286,0.114285715,0.071428575,0.057142857,0.07857143,0.18571429,0.08571429,0.15714286,0.042857144
0.0
0.015873017,0.15873016,0.031746034,0.12698413,0.095238104,0.17460318,0.19047621,0.031746034,0.14285715,0.031746034
1.0
0.015306123,0.10714286,0.12244898,0.091836736,0.10714286,0.07142857,0.2244898,0.0051020407,0.19387755,0.06122449
1.0
0.09933775,0.07284768,0.09933775,0.08609272,0.059602648,0.06622516,0.1986755,0.11258278,0.1589404,0.046357617
1.0
0.061488677,0.09708738,0.12944984,0.100323625,0.10679612,0.103559874,0.113268614,0.03883495,0.14563107,0.103559874
1.0
0.06666667,0.08888889,0.1,0.06666667,0.07777778,0.1,0.07777778,0.06666667,0.2,0.15555556
0.0
0.083333336,0.06944445,0.125,0.083333336,0.20833333,0.041666668,0.083333336,0.083333336,0.097222224,0.125
1.0
0.0625,0.10416667,0.10416667,0.0625,0.10416667,0.14583334,0.083333336,0.083333336,0.10416667,0.14583334
1.0
0.117283955,0.11111111,0.12345679,0.0925926,0.030864198,0.10493827,0.117283955,0.10493827,0.12962963,0.06790124
1.0
0.04411765,0.11764706,0.20588236,0.13235295,0.073529415,0.13235295,0.14705883,0.014705882,0.0882353,0.04411765
1.0
0.14473684,0.09210526,0.14473684,0.039473683,0.118421055,0.013157895,0.078947365,0.09210526,0.09210526,0.18421052
0.0
0.083333336,0.1388889,0.11111111,0.11111111,0.027777778,0.097222224,0.22222222,0.027777778,0.16666667,0.013888889
1.0
0.10753342,0.07654921,0.09113002,0.07472661,0.05953828,0.08262455,0.1707169,0.095990285,0.16403402,0.077156745
1.0
0.034843206,0.09756098,0.108013935,0.087108016,0.12195122,0.08362369,0.17073171,0.045296166,0.11498258,0.1358885
1.0
0.030303031,0.08225108,0.06926407,0.09090909,0.23809524,0.08225108,0.07359307,0.034632035,0.12987013,0.16883117
1.0
0.13537996,0.086562656,0.09662808,0.08505284,0.12003019,0.09084046,0.08253648,0.09813789,0.09763462,0.10719677
0.0
0.050420173,0.11764707,0.11764707,0.084033616,0.12605043,0.13445379,0.084033616,0.067226894,0.058823533,0.15966387
1.0
0.02951389,0.14236112,0.15104167,0.1701389,0.020833334,0.125,0.13715278,0.020833334,0.18055555,0.022569444
0.0
0.033613447,0.084033616,0.12605043,0.075630255,0.14285715,0.067226894,0.09243698,0.050420173,0.19327731,0.13445379
1.0
0.024896268,0.09128631,0.124481335,0.09958507,0.05809129,0.09128631,0.19917014,0.09543569,0.17842324,0.0373444
1.0
0.10845431,0.17250213,0.1058924,0.17762595,0.033304866,0.11187019,0.068317674,0.06404782,0.11357813,0.04440649
1.0
0.022140222,0.09594096,0.03690037,0.08118081,0.07380074,0.08487085,0.28782287,0.025830258,0.21771218,0.07380074
1.0
0.126558,0.059443913,0.10738255,0.053691275,0.17449665,0.098753594,0.10067114,0.07957814,0.08916587,0.11025887
0.0
0.078947365,0.0,0.13157895,0.10526316,0.078947365,0.15789473,0.15789473,0.0,0.18421052,0.10526316
1.0
0.022727273,0.09848485,0.09848485,0.15151516,0.045454547,0.1439394,0.16666667,0.053030305,0.16666667,0.053030305
1.0
0.054216865,0.10240963,0.084337346,0.09638554,0.11144578,0.10240963,0.0813253,0.057228915,0.099397585,0.21084337
1.0
0.040462427,0.12716763,0.1184971,0.098265894,0.08092485,0.13872832,0.1300578,0.023121387,0.15895954,0.08381502
0.0
0.06024096,0.10843373,0.14457831,0.14457831,0.10843373,0.084337346,0.12048192,0.084337346,0.10843373,0.036144577
0.0
0.1,0.06923077,0.115384616,0.1,0.13846155,0.08461539,0.053846154,0.08461539,0.06153846,0.1923077
0.0
0.050420173,0.09663866,0.13865547,0.084033616,0.13025211,0.0882353,0.18487395,0.004201681,0.13865547,0.084033616
0.0
0.027472528,0.13736264,0.071428575,0.17032968,0.032967035,0.104395606,0.18681319,0.016483517,0.20879121,0.043956045
1.0
0.10622711,0.25824177,0.05860806,0.24725275,0.04945055,0.07509158,0.03663004,0.025641026,0.10989011,0.032967035
1.0
0.0,0.13636364,0.18181819,0.20454547,0.09090909,0.11363637,0.13636364,0.022727273,0.09090909,0.022727273
1.0
0.049618322,0.061068702,0.10687023,0.0648855,0.07251909,0.08396947,0.20229007,0.041984733,0.20992367,0.10687023
1.0
0.07272727,0.21818182,0.090909086,0.07272727,0.16363636,0.18181817,0.07272727,0.054545455,0.018181818,0.054545455
1.0
0.086419754,0.17283951,0.12345679,0.09876543,0.09876543,0.12345679,0.16049382,0.024691358,0.049382716,0.061728396
0.0
0.09411766,0.07450981,0.078431375,0.08235294,0.1254902,0.04705883,0.10196079,0.10980393,0.13333334,0.15294118
1.0
0.055555556,0.06944445,0.20833333,0.16666667,0.055555556,0.1388889,0.097222224,0.0,0.125,0.083333336
1.0
0.03,0.16,0.11,0.11,0.099999994,0.07,0.17999999,0.07,0.07,0.099999994
1.0
0.08888889,0.2,0.06666667,0.17777778,0.0,0.11111111,0.24444444,0.08888889,0.022222223,0.0
0.0
0.04310345,0.10344827,0.094827585,0.051724136,0.14655173,0.077586204,0.1637931,0.04310345,0.19827586,0.077586204
1.0
0.083333336,0.083333336,0.07291667,0.09375,0.083333336,0.125,0.10416667,0.083333336,0.1875,0.083333336
1.0
0.04477612,0.11940298,0.19402985,0.07462686,0.029850746,0.1641791,0.10447761,0.05970149,0.17910448,0.029850746
0.0
0.06382979,0.07446808,0.06382979,0.14893617,0.13829787,0.08510638,0.06382979,0.07446808,0.053191487,0.23404254
1.0
0.035714287,0.0952381,0.11904762,0.083333336,0.13095239,0.11904762,0.15476191,0.023809524,0.0952381,0.14285715
1.0
0.0,0.074074075,0.22222222,0.2962963,0.074074075,0.11111111,0.037037037,0.11111111,0.037037037,0.037037037
0.0
0.0,0.24,0.08,0.16,0.0,0.04,0.35999998,0.0,0.12,0.0
0.0
0.08536585,0.09756097,0.1097561,0.07317073,0.1707317,0.060975607,0.08536585,0.09756097,0.1097561,0.1097561
0.0
0.09701493,0.052238803,0.067164175,0.08208955,0.10447761,0.10447761,0.14179105,0.11940298,0.11940298,0.111940295
0.0
0.041237112,0.12371133,0.17525773,0.082474224,0.0927835,0.14432989,0.12371133,0.030927833,0.12371133,0.061855666
0.0
0.13559322,0.13559322,0.16949153,0.20338982,0.033898305,0.084745765,0.050847456,0.084745765,0.084745765,0.016949153
1.0
0.030303031,0.1969697,0.21212122,0.18181819,0.045454547,0.24242425,0.030303031,0.0,0.030303031,0.030303031
1.0
0.029914532,0.12393163,0.17094018,0.14102565,0.05555556,0.14957266,0.11538462,0.03846154,0.13247864,0.042735044
0.0
0.07142857,0.14285713,0.1122449,0.08163265,0.15306123,0.08163265,0.030612245,0.08163265,0.1122449,0.13265306
0.0
0.21560922,0.054463785,0.046603035,0.05502527,0.10724313,0.04098821,0.10275127,0.1622684,0.104997195,0.11005054
0.0
0.0,0.12087912,0.0989011,0.12087912,0.1978022,0.10989011,0.0989011,0.021978023,0.08791209,0.14285715
0.0
0.0952381,0.0952381,0.16666667,0.0952381,0.023809524,0.11904762,0.11904762,0.0952381,0.14285715,0.04761905
1.0
0.10252101,0.07394958,0.067226894,0.07226891,0.13109244,0.06554622,0.13613446,0.1092437,0.13109244,0.11092437
1.0
0.024390243,0.09756097,0.09756097,0.08536585,0.14634146,0.15853658,0.048780486,0.09756097,0.1097561,0.13414633
1.0
0.094339624,0.1509434,0.0754717,0.056603774,0.0,0.094339624,0.18867925,0.26415095,0.0754717,0.0
0.0
0.045454547,0.09090909,0.21212122,0.10606061,0.030303031,0.13636364,0.07575758,0.13636364,0.09090909,0.07575758
0.0
0.15116279,0.119186044,0.046511628,0.10465116,0.113372095,0.04360465,0.15406977,0.046511628,0.12209302,0.09883721
0.0
0.027522935,0.11009174,0.0825688,0.11926605,0.11926605,0.13761467,0.14678898,0.027522935,0.18348622,0.045871556
1.0
0.061068702,0.091603056,0.13740458,0.061068702,0.17557251,0.07633588,0.114503816,0.03816794,0.099236645,0.14503817
1.0
0.0,0.13432835,0.08955224,0.04477612,0.05970149,0.08955224,0.19402985,0.029850746,0.22388059,0.13432835
0.0
0.20067596,0.04224757,0.0574567,0.039290242,0.19983101,0.058724124,0.06632869,0.1757499,0.054921843,0.104773976
1.0
0.13333334,0.123809524,0.104761906,0.12063492,0.07619048,0.053968254,0.14603175,0.092063494,0.0952381,0.053968254
1.0
0.03960396,0.13861386,0.14851485,0.08910891,0.13861386,0.17821781,0.07920792,0.00990099,0.08910891,0.08910891
1.0
0.037037037,0.055555556,0.074074075,0.10185185,0.2037037,0.06481481,0.0925926,0.0462963,0.11111111,0.21296297
1.0
0.09677419,0.09677419,0.12903225,0.09677419,0.22580644,0.17741935,0.08064516,0.016129032,0.08064516,0.0
1.0
0.07602339,0.058479533,0.055555556,0.02631579,0.116959065,0.058479533,0.17836258,0.078947365,0.20467836,0.14619884
1.0
0.028169014,0.112676054,0.12676056,0.12676056,0.12676056,0.08450704,0.08450704,0.07042253,0.16901408,0.07042253
1.0
0.06029285,0.11455642,0.13264428,0.10938846,0.08182602,0.15417744,0.10680448,0.064599484,0.12316968,0.052540913
1.0
0.06349207,0.12698413,0.11111112,0.17460318,0.047619052,0.15873016,0.047619052,0.047619052,0.07936508,0.14285715
1.0
0.016528925,0.11570247,0.19834709,0.14876032,0.08264463,0.12396694,0.099173546,0.057851236,0.099173546,0.057851236
0.0
0.11363637,0.13636364,0.1590909,0.11363637,0.06818182,0.13636364,0.11363637,0.09090909,0.022727273,0.045454547
1.0
0.08661418,0.1023622,0.11811024,0.11023622,0.08661418,0.08661418,0.1023622,0.07874016,0.14173228,0.08661418
0.0
0.06930693,0.103960395,0.12376238,0.07920792,0.14356436,0.09405941,0.14356436,0.059405938,0.09405941,0.08910891
1.0
0.021428572,0.07857143,0.08571429,0.12142857,0.08571429,0.12142857,0.17142858,0.021428572,0.17857143,0.114285715
1.0
0.032258064,0.14516129,0.11290322,0.06451613,0.09677419,0.06451613,0.24193548,0.048387095,0.09677419,0.09677419
0.0
0.100511074,0.061328787,0.05451448,0.0834753,0.08177172,0.085178874,0.18228279,0.061328787,0.2044293,0.085178874
0.0
0.12,0.17999999,0.04,0.12,0.099999994,0.08,0.14,0.08,0.12,0.02
1.0
0.090487234,0.07424594,0.12993039,0.099767976,0.1600928,0.11600928,0.11600928,0.03712297,0.08352668,0.09280742
1.0
0.09101383,0.2016129,0.06336406,0.20852534,0.03686636,0.0702765,0.11981567,0.035714287,0.1140553,0.05875576
0.0
0.05263158,0.15789473,0.10526316,0.15789473,0.078947365,0.21052632,0.13157895,0.02631579,0.05263158,0.02631579
1.0
0.034883723,0.13953489,0.12790698,0.08139535,0.046511628,0.1627907,0.13953489,0.069767445,0.08139535,0.116279066
1.0
0.059322033,0.09322034,0.16949153,0.1779661,0.084745765,0.12711865,0.059322033,0.025423728,0.118644066,0.084745765
1.0
0.12,0.08571429,0.09142857,0.05142857,0.12,0.09142857,0.15428571,0.10285714,0.09714285,0.08571429
1.0
0.089605734,0.086021505,0.086021505,0.08243728,0.068100356,0.09677419,0.1218638,0.12903225,0.11111111,0.12903225
1.0
0.05769231,0.05769231,0.1923077,0.09615385,0.13461539,0.13461539,0.05769231,0.03846154,0.13461539,0.09615385
1.0
0.09352518,0.16546763,0.16546763,0.15107913,0.043165468,0.09352518,0.10071943,0.01438849,0.12949641,0.043165468
1.0
0.094827585,0.06896552,0.0862069,0.025862068,0.1637931,0.12931034,0.10344827,0.051724136,0.18103448,0.094827585
1.0
0.115384616,0.1456044,0.082417585,0.20054945,0.04945055,0.104395606,0.071428575,0.04945055,0.115384616,0.06593407
1.0
0.08695652,0.15217392,0.17391305,0.13043478,0.02173913,0.13043478,0.08695652,0.04347826,0.15217392,0.02173913
0.0
0.07801418,0.09929077,0.14893617,0.09219858,0.11347517,0.12765957,0.08510638,0.07092199,0.09219858,0.09219858
0.0
0.084337346,0.09638554,0.072289154,0.13253012,0.036144577,0.09638554,0.22891566,0.04819277,0.14457831,0.06024096
0.0
0.018404908,0.116564415,0.12883435,0.12883435,0.08588957,0.116564415,0.116564415,0.0797546,0.13496932,0.073619634
1.0
0.16460234,0.10267275,0.09191655,0.10202086,0.09061278,0.088331155,0.08409387,0.1196219,0.06453716,0.09159061
1.0
0.029411765,0.11764706,0.14705883,0.19117647,0.029411765,0.05882353,0.23529412,0.05882353,0.10294118,0.029411765
1.0
0.03846154,0.03846154,0.11538462,0.0,0.0,0.15384616,0.26923078,0.0,0.26923078,0.11538462
0.0
0.06896552,0.10344827,0.06896552,0.13793103,0.2413793,0.0862069,0.10344827,0.01724138,0.12068965,0.051724136
0.0
0.06632653,0.10714286,0.12244898,0.15306123,0.051020406,0.08673469,0.15816326,0.06632653,0.117346935,0.07142857
1.0
0.007633588,0.16030535,0.122137405,0.10687023,0.122137405,0.114503816,0.16793893,0.0,0.10687023,0.091603056
0.0
0.15254237,0.118644066,0.062146895,0.13559322,0.039548025,0.084745765,0.107344635,0.10169491,0.13559322,0.062146895
1.0
0.059322033,0.076271184,0.084745765,0.06779661,0.12711865,0.11016949,0.1440678,0.042372882,0.10169491,0.18644068
1.0
0.014705882,0.11029412,0.09558824,0.15441176,0.029411765,0.14705883,0.18382353,0.029411765,0.14705883,0.0882353
1.0
0.0295858,0.112426035,0.17159763,0.09467456,0.10650888,0.16568047,0.14201184,0.01775148,0.1183432,0.041420117
1.0
0.2248062,0.16666667,0.062015504,0.13178295,0.042635657,0.085271314,0.093023255,0.07751938,0.065891474,0.0503876
1.0
0.121951215,0.09756097,0.14634146,0.19512194,0.07317073,0.1707317,0.024390243,0.07317073,0.048780486,0.048780486
0.0
0.08053692,0.10067114,0.10738255,0.087248325,0.13422818,0.0738255,0.147651,0.046979867,0.10067114,0.12080537
0.0
0.058823533,0.12605043,0.050420173,0.100840345,0.12605043,0.084033616,0.15126051,0.067226894,0.13445379,0.100840345
1.0
0.13513513,0.13267814,0.1007371,0.1081081,0.07125307,0.083538085,0.098280095,0.06633907,0.13267814,0.07125307
0.0
0.071428575,0.125,0.14285715,0.035714287,0.1607143,0.125,0.035714287,0.08928572,0.08928572,0.125
1.0
0.07096774,0.10967742,0.12258064,0.103225805,0.08387097,0.09032258,0.11612903,0.09032258,0.09032258,0.12258064
1.0
0.018181818,0.16363636,0.07272727,0.16363636,0.054545455,0.18181817,0.16363636,0.018181818,0.090909086,0.07272727
0.0
0.1627907,0.040697675,0.058139533,0.093023255,0.18023255,0.05232558,0.0872093,0.10465116,0.08139535,0.13953489
0.0
0.125,0.05,0.05,0.0,0.05,0.075,0.25,0.05,0.32500002,0.025
1.0
0.022222223,0.24444444,0.15555556,0.11111111,0.11111111,0.08888889,0.044444446,0.022222223,0.08888889,0.11111111
1.0
0.020618556,0.12371133,0.12371133,0.082474224,0.17525773,0.15463917,0.05154639,0.05154639,0.041237112,0.17525773
0.0
0.07692308,0.10769231,0.12307692,0.10769231,0.07692308,0.10769231,0.16923077,0.06153846,0.092307694,0.07692308
0.0
0.075,0.125,0.125,0.16250001,0.1375,0.1,0.0875,0.0375,0.0625,0.0875
0.0
0.0,0.16666667,0.13333334,0.16666667,0.0,0.10000001,0.23333335,0.033333335,0.13333334,0.033333335
0.0
0.13942309,0.10096154,0.05769231,0.072115384,0.13942309,0.05769231,0.12019231,0.0625,0.10576923,0.14423077
1.0
0.083333336,0.114583336,0.10416667,0.13541667,0.083333336,0.125,0.07291667,0.020833334,0.16666667,0.09375
1.0
0.037037037,0.037037037,0.11111111,0.074074075,0.11111111,0.1851852,0.037037037,0.037037037,0.1851852,0.1851852
1.0
0.052238803,0.14179105,0.12686567,0.10447761,0.029850746,0.11940298,0.13432835,0.08208955,0.11940298,0.08955224
1.0
0.036585364,0.1707317,0.1097561,0.13414633,0.07317073,0.121951215,0.08536585,0.060975607,0.14634146,0.060975607
1.0
0.052238803,0.033582088,0.063432835,0.05970149,0.2686567,0.04477612,0.14552239,0.063432835,0.14179105,0.12686567
0.0
0.108695656,0.108695656,0.16304348,0.108695656,0.11956522,0.16304348,0.08695652,0.02173913,0.08695652,0.032608695
1.0
0.01923077,0.09615385,0.11538462,0.15384616,0.11538462,0.11538462,0.09615385,0.01923077,0.15384616,0.11538462
1.0
0.0,0.053571433,0.14285715,0.107142866,0.25,0.14285715,0.14285715,0.017857144,0.107142866,0.035714287
1.0
0.05769231,0.09615385,0.125,0.11538462,0.01923077,0.11538462,0.21153846,0.05769231,0.18269232,0.01923077
0.0
0.092307694,0.06923077,0.07692308,0.053846154,0.12307692,0.12307692,0.115384616,0.1,0.07692308,0.16923077
1.0
0.0,0.04,0.32,0.08,0.0,0.19999999,0.12,0.08,0.12,0.04
0.0
0.04379562,0.10218978,0.08759124,0.12408759,0.10948905,0.10218978,0.1459854,0.05109489,0.15328467,0.08029197
0.0
0.09756097,0.1707317,0.1707317,0.1707317,0.024390243,0.048780486,0.07317073,0.14634146,0.048780486,0.048780486
0.0
0.06504065,0.06504065,0.10569105,0.06504065,0.24390243,0.06504065,0.113821134,0.06504065,0.08130081,0.1300813
0.0
0.085427135,0.055276383,0.10050251,0.06532663,0.1557789,0.08040201,0.07537688,0.09045226,0.14070351,0.15075377
0.0
0.101123594,0.101123594,0.08988764,0.06741573,0.24719101,0.101123594,0.056179777,0.033707865,0.056179777,0.14606741
1.0
0.027027028,0.14414415,0.14414415,0.0990991,0.090090096,0.090090096,0.072072074,0.054054055,0.17117117,0.10810811
1.0
0.037037037,0.12962963,0.12962963,0.12962963,0.074074075,0.12962963,0.14814815,0.0,0.0925926,0.12962963
1.0
0.08834587,0.065789476,0.07706767,0.05451128,0.19548872,0.10526316,0.10150376,0.067669176,0.08458647,0.15977444
1.0
0.042857144,0.114285715,0.15,0.092857145,0.08571429,0.08571429,0.12857144,0.08571429,0.15714286,0.057142857
0.0
0.078125,0.0625,0.109375,0.109375,0.203125,0.09375,0.125,0.0,0.09375,0.125
1.0
0.06569343,0.15328467,0.18248175,0.15328467,0.0,0.09489051,0.11678832,0.08029197,0.11678832,0.03649635
1.0
0.022988506,0.04597701,0.10344827,0.06896552,0.26436782,0.09195402,0.13793103,0.011494253,0.04597701,0.20689654
1.0
0.15277778,0.055555556,0.15277778,0.11111111,0.055555556,0.11111111,0.16666667,0.027777778,0.1388889,0.027777778
1.0
0.10849057,0.0754717,0.11792453,0.13207547,0.06603774,0.08018868,0.094339624,0.061320756,0.16981132,0.094339624
0.0
0.01724138,0.0862069,0.10344827,0.13793103,0.12068965,0.18965517,0.13793103,0.0,0.1724138,0.03448276
1.0
0.04992151,0.20376766,0.18806908,0.2144427,0.02511774,0.19434851,0.037048668,0.01978022,0.052747253,0.014756672
0.0
0.1764706,0.11764706,0.05882353,0.23529412,0.0,0.11764706,0.0,0.23529412,0.05882353,0.0
0.0
0.0,0.15853658,0.2195122,0.15853658,0.060975607,0.2317073,0.07317073,0.0121951215,0.060975607,0.024390243
1.0
0.11392406,0.07594937,0.15189874,0.088607594,0.025316456,0.07594937,0.088607594,0.06329114,0.20253165,0.11392406
0.0
0.07399104,0.08071749,0.07399104,0.11210763,0.0896861,0.07174888,0.14125562,0.0852018,0.17713006,0.09417041
1.0
0.12345678,0.06584362,0.09053498,0.057613168,0.086419754,0.0946502,0.1563786,0.06172839,0.21399176,0.049382716
