"47/nm1659547_rm2655954432_1985-5-28_2013.jpg ",0.0
"40/nm1102140_rm158505472_1974-7-29_2005.jpg  ",1.0
"42/nm0005042_rm1831770112_1963-6-6_2006.jpg  ",1.0
"49/nm3114649_rm3739593216_1986-9-4_2013.jpg  ",0.0
"46/nm0001046_rm873565952_1941-4-14_2004.jpg  ",0.0
"47/nm4299147_rm471513088_1979-10-6_2011.jpg  ",1.0
"49/nm0578949_rm1127449600_1974-3-5_2007.jpg  ",0.0
"43/nm0000243_rm1298908160_1954-12-28_2014.jpg",1.0
"43/nm0221043_rm2829487360_1976-10-11_2005.jpg",0.0
"45/nm0000245_rm1788453376_1951-7-21_2003.jpg ",1.0
"48/nm2524048_rm2776429568_1973-9-11_2007.jpg ",1.0
"48/nm2111748_rm633313536_1982-9-26_2006.jpg  ",1.0
"48/nm0001448_rm4029713920_1949-4-20_1997.jpg ",0.0
"44/nm0000244_rm14203392_1949-10-8_2011.jpg   ",0.0
"41/nm0891641_rm1193070336_1964-12-23_2013.jpg",1.0
"49/nm0000649_rm1424750336_1939-4-13_1990.jpg ",1.0
"45/nm0000245_rm1556060160_1951-7-21_2002.jpg ",1.0
"46/nm0000246_rm2993211648_1955-3-19_1985.jpg ",1.0
"48/nm0000648_rm3100948480_1962-7-31_2005.jpg ",1.0
"40/nm0632440_rm1767754752_1972-4-27_2005.jpg ",1.0
"40/nm1102140_rm903525888_1974-7-29_2005.jpg  ",1.0
"44/nm0134244_rm2338422784_1980-10-8_2006.jpg ",1.0
"41/nm0786641_rm1361558016_1967-8-12_2011.jpg ",1.0
"49/nm1262749_rm4095068160_1986-11-5_2013.jpg ",0.0
"42/nm0005042_rm4182476544_1963-6-6_2010.jpg  ",1.0
"43/nm0316743_rm2794834432_1967-4-17_2013.jpg ",1.0
"45/nm0378245_rm4027154944_1970-9-11_2010.jpg ",0.0
"41/nm3374941_rm1309596928_1989-5-25_2013.jpg ",1.0
"40/nm0933940_rm557160192_1973-7-3_2009.jpg   ",1.0
"40/nm0885840_rm3512643584_1986-5-12_2011.jpg ",0.0
"44/nm1739844_rm716675840_1994-4-6_2005.jpg   ",1.0
"40/nm0813940_rm3565012992_1940-4-15_1986.jpg ",0.0
"49/nm0167649_rm3825444864_1958-2-21_2008.jpg ",1.0
"48/nm0951148_rm4038964224_1985-5-10_2004.jpg ",1.0
"43/nm0221043_rm987605248_1976-10-11_2005.jpg ",0.0
"49/nm0809049_rm264292608_1980-6-19_2009.jpg  ",1.0
"40/nm1524440_rm957326848_1981-1-26_2011.jpg  ",1.0
"40/nm0001040_rm2044237824_1961-4-26_2004.jpg ",0.0
"40/nm1524440_rm3605046016_1981-1-26_2011.jpg ",1.0
"49/nm0241049_rm1227861248_1972-11-14_2013.jpg",1.0
"45/nm0000345_rm1596701440_1948-3-14_1989.jpg ",1.0
"45/nm0000545_rm3108155392_1945-7-26_1986.jpg ",0.0
"46/nm0193846_rm3859454720_1982-11-30_2005.jpg",0.0
"42/nm1719342_rm2854715648_1982-5-11_2009.jpg ",1.0
"40/nm0776040_rm2656959488_1978-8-26_2015.jpg ",0.0
"41/nm0000141_rm3762076160_1960-8-7_2007.jpg  ",0.0
"40/nm1813440_rm2026149888_1984-10-30_2006.jpg",0.0
"44/nm0289344_rm3336673536_1958-9-6_2005.jpg  ",1.0
"44/nm0385644_rm4110785280_1965-9-21_2006.jpg ",0.0
"41/nm0315041_rm4165569024_1961-6-25_2009.jpg ",1.0
"47/nm0834947_rm387088896_1960-3-25_2010.jpg  ",0.0
"44/nm0642444_rm2172098816_1977-0-0_2007.jpg  ",0.0
"41/nm0000141_rm1220258560_1960-8-7_2012.jpg  ",1.0
"40/nm0000640_rm1214626304_1940-8-3_1976.jpg  ",0.0
"46/nm0221046_rm3354456576_1980-1-17_2011.jpg ",0.0
"42/nm0922342_rm1399631872_1978-6-10_2010.jpg ",1.0
"42/nm1970642_rm3744971008_1998-4-16_2011.jpg ",0.0
"47/nm0714147_rm3637680896_1975-6-15_2005.jpg ",0.0
"41/nm0002141_rm255299072_1917-4-29_1987.jpg  ",0.0
"41/nm0000141_rm4164729344_1960-8-7_2007.jpg  ",1.0
"46/nm0000246_rm4228219904_1955-3-19_2001.jpg ",1.0
"43/nm0000243_rm2620640256_1954-12-28_2000.jpg",1.0
"40/nm0220240_rm4099519488_1962-9-2_2012.jpg  ",1.0
"48/nm0951148_rm4238181376_1985-5-10_2008.jpg ",1.0
"47/nm1659547_rm1690019584_1985-5-28_2013.jpg ",1.0
"45/nm0642145_rm3334308352_1946-4-12_2009.jpg ",1.0
"43/nm0221043_rm144950272_1976-10-11_2005.jpg ",0.0
"42/nm0000442_rm811631872_1944-1-23_2011.jpg  ",1.0
"41/nm0891641_rm2917186816_1964-12-23_2011.jpg",1.0
"40/nm0365140_rm3676155392_1976-9-6_2012.jpg  ",0.0
"41/nm0315041_rm670563072_1961-6-25_2012.jpg  ",1.0
"41/nm0540441_rm1446688256_1984-11-21_2012.jpg",1.0
"40/nm1102140_rm1991490560_1974-7-29_2005.jpg ",1.0
"46/nm0663546_rm1874510592_1988-10-30_2010.jpg",0.0
"44/nm0816844_rm3404306432_1987-2-2_2003.jpg  ",1.0
"40/nm1555340_rm410820608_1982-12-29_2007.jpg ",0.0
"49/nm0000849_rm1411481856_1969-3-1_2010.jpg  ",1.0
"45/nm2605345_rm2914955008_1986-2-2_2012.jpg  ",1.0
"44/nm0134244_rm1613600256_1980-10-8_2008.jpg ",1.0
"43/nm0507343_rm365597952_1976-1-8_2008.jpg   ",0.0
"44/nm1165044_rm1139771648_1974-1-9_2009.jpg  ",1.0
"40/nm0000140_rm2289217536_1944-9-25_2003.jpg ",0.0
"48/nm0005048_rm1505394688_1969-2-22_2010.jpg ",1.0
"43/nm1086543_rm2740301824_1985-12-3_2012.jpg ",0.0
"41/nm1126641_rm2071697920_1985-10-23_2005.jpg",0.0
"49/nm3114649_rm2770976768_1986-9-4_2015.jpg  ",1.0
"43/nm0848543_rm946045952_1982-2-8_1992.jpg   ",1.0
"40/nm0001640_rm679584000_1940-12-1_2013.jpg  ",1.0
"48/nm1194748_rm1572392704_1989-1-1_2014.jpg  ",0.0
"40/nm1443740_rm3447767040_1983-9-9_2013.jpg  ",0.0
"49/nm1264549_rm535661824_1995-8-28_2007.jpg  ",1.0
"41/nm0000141_rm36807424_1960-8-7_2013.jpg    ",1.0
"47/nm0528147_rm34770432_1947-4-18_1983.jpg   ",1.0
"49/nm0005049_rm3908355584_1959-11-19_2014.jpg",0.0
"40/nm2279940_rm3659655680_1984-7-27_2013.jpg ",0.0
"47/nm0147147_rm724303360_1983-5-5_2015.jpg   ",1.0
"49/nm0001149_rm1809681408_1930-4-24_2006.jpg ",1.0
"47/nm0001847_rm3559818240_1914-12-26_1961.jpg",1.0
"43/nm0000443_rm2250477056_1945-11-21_1991.jpg",0.0
"45/nm0005045_rm4113078272_1978-6-11_1998.jpg ",1.0
"41/nm0000141_rm2818886912_1960-8-7_2013.jpg  ",1.0
"49/nm0000249_rm3910572544_1947-4-18_2001.jpg ",1.0
"43/nm3072243_rm1427371776_1991-4-3_2015.jpg  ",0.0
"44/nm0191044_rm1350955520_1964-12-29_2010.jpg",1.0
"47/nm2215447_rm3028658432_1986-11-28_2012.jpg",1.0
"40/nm0885840_rm2378281728_1986-5-12_2011.jpg ",0.0
"46/nm3307846_rm1689956608_1976-2-23_2011.jpg ",0.0
"47/nm0000547_rm4240345600_1953-5-24_2009.jpg ",1.0
"46/nm0221046_rm2074649088_1980-1-17_2011.jpg ",0.0
"42/nm0005342_rm3180047872_1969-1-6_2010.jpg  ",1.0
"48/nm0000148_rm2583269120_1942-7-13_2010.jpg ",1.0
"49/nm0241049_rm626834944_1972-11-14_2011.jpg ",1.0
"46/nm0221046_rm2734398208_1980-1-17_2004.jpg ",0.0
"45/nm4129745_rm2461180928_1988-4-13_2013.jpg ",0.0
"41/nm0004941_rm3638138880_1976-8-6_1996.jpg  ",0.0
"46/nm0001446_rm343721984_1936-10-31_1984.jpg ",0.0
"43/nm0955443_rm1715837440_1951-11-14_2006.jpg",1.0
"40/nm2836740_rm3752180224_1995-1-30_2011.jpg ",1.0
"47/nm0498447_rm4186290688_1908-8-6_1969.jpg  ",1.0
"47/nm0000147_rm1428796160_1960-9-10_2011.jpg ",0.0
"45/nm0001845_rm574328320_1961-7-15_1994.jpg  ",1.0
"40/nm0000340_rm1530396416_1966-2-20_2015.jpg ",0.0
"48/nm0005448_rm2849032448_1980-12-19_2010.jpg",0.0
"48/nm0000148_rm1462881280_1942-7-13_1993.jpg ",1.0
"40/nm0263740_rm908037888_1960-0-0_2009.jpg   ",1.0
"43/nm3072243_rm2156197120_1991-4-3_2015.jpg  ",0.0
"46/nm0000146_rm1992266752_1962-12-22_2008.jpg",1.0
"46/nm0687146_rm2347415808_1988-4-2_2009.jpg  ",1.0
"44/nm4074444_rm325300992_1992-8-3_2007.jpg   ",0.0
"46/nm0000246_rm1645459456_1955-3-19_1985.jpg ",0.0
"45/nm2400045_rm1978642688_1989-1-9_2009.jpg  ",0.0
"42/nm3377042_rm1690882304_1990-3-25_2014.jpg ",1.0
"41/nm0935541_rm2577956864_1984-11-28_2010.jpg",0.0
"40/nm1431940_rm3452475648_1979-8-3_2004.jpg  ",1.0
"42/nm0005342_rm2317987328_1969-1-6_2010.jpg  ",1.0
"48/nm0000648_rm731944960_1962-7-31_1995.jpg  ",1.0
"46/nm0000446_rm1481803008_1961-11-22_1991.jpg",1.0
"43/nm2348343_rm1775867648_1983-0-0_2008.jpg  ",0.0
"45/nm4682545_rm603047424_2007-6-6_2014.jpg   ",0.0
"42/nm0502342_rm3352606208_1981-4-2_2003.jpg  ",0.0
"42/nm0001542_rm1240108544_1970-8-23_2008.jpg ",1.0
"41/nm0001841_rm628803584_1948-10-17_1982.jpg ",0.0
"41/nm0935541_rm19708416_1984-11-28_2006.jpg  ",0.0
"40/nm0263040_rm3076889088_1961-3-7_1965.jpg  ",0.0
"49/nm0000449_rm1684781824_1974-8-15_1998.jpg ",0.0
"49/nm0001349_rm307463168_1979-2-21_2000.jpg  ",0.0
"49/nm0000749_rm686527488_1970-12-12_2007.jpg ",0.0
"49/nm0578949_rm2075232768_1974-3-5_2008.jpg  ",1.0
"42/nm3652842_rm157075712_1999-4-9_2011.jpg   ",1.0
"45/nm2400045_rm3072569600_1989-1-9_2009.jpg  ",0.0
"45/nm0000245_rm4017670144_1951-7-21_1978.jpg ",1.0
"46/nm0193846_rm997431808_1982-11-30_2005.jpg ",0.0
"45/nm0001745_rm3499203328_1951-6-13_2004.jpg ",1.0
"49/nm0000649_rm1354930944_1939-4-13_2002.jpg ",1.0
"49/nm0241049_rm3789917952_1972-11-14_2010.jpg",0.0
"42/nm0000242_rm3385906432_1971-6-5_2014.jpg  ",1.0
"45/nm0000545_rm894884352_1945-7-26_2013.jpg  ",0.0
"45/nm0004845_rm2504232448_1954-8-25_2008.jpg ",1.0
"46/nm0193846_rm450725888_1982-11-30_2001.jpg ",0.0
"45/nm0378245_rm3207773696_1970-9-11_2011.jpg ",0.0
"41/nm0315041_rm3600323584_1961-6-25_2008.jpg ",1.0
"49/nm0609549_rm3935353600_1964-7-11_2011.jpg ",1.0
"49/nm0461149_rm2490021376_1978-10-25_2011.jpg",1.0
"48/nm1497548_rm2641396736_1996-2-9_2009.jpg  ",1.0
"43/nm1580243_rm4003300864_1979-11-12_2003.jpg",1.0
"44/nm0001644_rm131575552_1959-3-8_2012.jpg   ",1.0
"40/nm1524440_rm4165846272_1981-1-26_2011.jpg ",1.0
"45/nm0378245_rm2069272576_1970-9-11_2006.jpg ",0.0
"48/nm2789448_rm3152394240_1988-8-26_2010.jpg ",0.0
"46/nm0221046_rm2085195264_1980-1-17_2005.jpg ",0.0
"40/nm1285540_rm1231847424_1976-4-15_2006.jpg ",1.0
"42/nm0911542_rm533433088_1942-12-30_2009.jpg ",0.0
"47/nm0001247_rm3170875392_1919-2-11_1965.jpg ",0.0
"46/nm0001546_rm1426359296_1936-12-29_1970.jpg",0.0
"49/nm0000749_rm2524218624_1970-12-12_1993.jpg",1.0
"42/nm0504642_rm2023204608_1973-6-17_2013.jpg ",1.0
"43/nm0001043_rm3077740800_1980-12-3_1995.jpg ",0.0
"49/nm0000149_rm877042176_1962-11-19_1995.jpg ",1.0
"41/nm0000641_rm10524928_1955-3-17_2004.jpg   ",1.0
"41/nm0000141_rm4045312_1960-8-7_2007.jpg     ",0.0
"40/nm2279940_rm1896476928_1984-7-27_2013.jpg ",0.0
"46/nm1393246_rm1529067008_1998-11-4_2004.jpg ",0.0
"40/nm0776040_rm2325544704_1978-8-26_2015.jpg ",0.0
"41/nm0334441_rm3453407232_1988-3-27_2013.jpg ",1.0
"42/nm0000242_rm1248428800_1971-6-5_2010.jpg  ",0.0
"45/nm0000545_rm2895428608_1945-7-26_2010.jpg ",0.0
"40/nm0776040_rm55901440_1978-8-26_2015.jpg   ",0.0
"41/nm0315041_rm3271674880_1961-6-25_2001.jpg ",1.0
"40/nm0005240_rm792696320_1965-9-11_2007.jpg  ",1.0
"44/nm0189144_rm898285824_1964-4-4_2013.jpg   ",1.0
"45/nm2400045_rm4250578176_1989-1-9_2009.jpg  ",0.0
"49/nm0000949_rm384669952_1969-5-14_2006.jpg  ",0.0
"43/nm0901343_rm2089396224_1918-10-2_1964.jpg ",0.0
"42/nm0001442_rm2724628992_1968-9-21_2009.jpg ",0.0
"47/nm2796047_rm990881280_1978-12-18_2011.jpg ",1.0
"48/nm0001648_rm2604510976_1946-2-5_2012.jpg  ",0.0
"40/nm1058940_rm3065427200_1977-11-11_2012.jpg",1.0
"42/nm0000442_rm274433280_1944-1-23_1985.jpg  ",1.0
"48/nm0000148_rm912033024_1942-7-13_1978.jpg  ",1.0
"48/nm0946148_rm720815616_1959-10-23_2014.jpg ",0.0
"46/nm0005146_rm1441438464_1972-7-7_2002.jpg  ",0.0
"45/nm2796745_rm1930216960_1983-11-6_2013.jpg ",1.0
"42/nm0289142_rm3992953344_1966-7-14_2012.jpg ",0.0
"44/nm0001144_rm1518046976_1968-3-30_2010.jpg ",0.0
"45/nm1940545_rm1316800512_1984-0-0_1984.jpg  ",1.0
"44/nm0004844_rm1511563264_1967-9-14_2013.jpg ",0.0
"47/nm0942247_rm3324545024_1991-2-17_2009.jpg ",1.0
"48/nm0000148_rm1210486528_1942-7-13_1977.jpg ",1.0
"40/nm1555340_rm975020288_1982-12-29_2009.jpg ",0.0
"44/nm0289344_rm3353450752_1958-9-6_2005.jpg  ",1.0
"42/nm0289142_rm3969092352_1966-7-14_2004.jpg ",1.0
"40/nm1431940_rm145930496_1979-8-3_2011.jpg   ",0.0
"43/nm0000243_rm4216688128_1954-12-28_2010.jpg",1.0
"48/nm1157048_rm2150412800_1980-9-29_2007.jpg ",1.0
"42/nm0000242_rm3131346176_1971-6-5_2007.jpg  ",1.0
"49/nm0578949_rm3991967232_1974-3-5_2008.jpg  ",0.0
"42/nm0922342_rm3490299136_1978-6-10_2010.jpg ",0.0
"49/nm0241049_rm1730015744_1972-11-14_2015.jpg",1.0
"41/nm0004941_rm4030438144_1976-8-6_2003.jpg  ",0.0
"45/nm2605345_rm1747750144_1986-2-2_2010.jpg  ",0.0
"48/nm0000148_rm3986673152_1942-7-13_1984.jpg ",1.0
"42/nm0734442_rm4017534464_1976-4-4_2006.jpg  ",1.0
"43/nm0001543_rm3740960000_1972-11-8_2008.jpg ",0.0
"45/nm0005145_rm1684454144_1956-5-17_2005.jpg ",1.0
"40/nm0001640_rm4110978560_1940-12-1_1989.jpg ",0.0
"44/nm0385644_rm2108524032_1965-9-21_2010.jpg ",0.0
"45/nm2400045_rm463111168_1989-1-9_2009.jpg   ",0.0
"46/nm2692146_rm1133611008_1983-10-24_2008.jpg",0.0
"40/nm0106840_rm2982975488_1925-5-18_1983.jpg ",1.0
"41/nm0651441_rm1445180928_1982-8-20_2011.jpg ",0.0
"48/nm0000648_rm3695489024_1962-7-31_1991.jpg ",1.0
"45/nm0005045_rm1367969280_1978-6-11_2008.jpg ",1.0
"44/nm1165044_rm1528942336_1974-1-9_2014.jpg  ",1.0
"43/nm0221043_rm798469888_1976-10-11_2005.jpg ",0.0
"49/nm0676349_rm629198336_1927-7-2_1973.jpg   ",0.0
"43/nm0005443_rm2547815424_1951-9-13_2007.jpg ",0.0
"47/nm0000447_rm1970897920_1952-4-6_2010.jpg  ",0.0
"45/nm0642145_rm154979840_1946-4-12_2009.jpg  ",1.0
"48/nm0005048_rm2204271360_1969-2-22_2009.jpg ",1.0
"49/nm0578949_rm589073920_1974-3-5_2000.jpg   ",0.0
"48/nm0816648_rm978232832_1980-6-18_2013.jpg  ",1.0
"47/nm1034247_rm1551027200_1990-11-2_2012.jpg ",1.0
"49/nm0000949_rm2561245184_1969-5-14_2001.jpg ",0.0
"48/nm0424848_rm3023480832_1989-10-4_2012.jpg ",0.0
"49/nm0000949_rm2283838208_1969-5-14_2006.jpg ",0.0
"47/nm0000347_rm4050172672_1946-4-19_1975.jpg ",1.0
"48/nm0451148_rm1829735936_1965-3-14_2009.jpg ",1.0
"43/nm3772243_rm1383844352_1984-12-16_2014.jpg",1.0
"42/nm0000342_rm3168845312_1940-1-27_1999.jpg ",1.0
"45/nm0001845_rm3609236992_1961-7-15_2008.jpg ",1.0
"47/nm2357847_rm4203058176_1989-12-13_2008.jpg",0.0
"47/nm0134647_rm93557760_1959-12-9_2008.jpg   ",1.0
"42/nm0735442_rm1334159616_1978-7-12_2012.jpg ",0.0
"46/nm2240346_rm21266688_1996-6-13_2010.jpg   ",0.0
"40/nm0000140_rm7900416_1944-9-25_2009.jpg    ",1.0
"44/nm0189144_rm3505641216_1964-4-4_2014.jpg  ",0.0
"47/nm0906547_rm2388695552_1973-7-22_2004.jpg ",1.0
"47/nm0005447_rm4048978176_1983-6-10_2010.jpg ",0.0
"48/nm0000148_rm993114880_1942-7-13_1977.jpg  ",1.0
"47/nm0001447_rm1074183424_1956-2-3_2012.jpg  ",1.0
"40/nm1555340_rm785558272_1982-12-29_2009.jpg ",0.0
"42/nm0005042_rm4262564864_1963-6-6_2006.jpg  ",1.0
"47/nm1417647_rm1089713664_1977-10-26_2007.jpg",1.0
"40/nm1229940_rm509792256_1984-7-16_2013.jpg  ",1.0
"43/nm0681943_rm535158016_1935-2-17_1994.jpg  ",1.0
"49/nm0167649_rm1459484928_1958-2-21_2008.jpg ",1.0
"48/nm0000148_rm3009059072_1942-7-13_2002.jpg ",1.0
"41/nm0000741_rm3727732736_1953-6-13_1991.jpg ",1.0
"45/nm1719845_rm2114385152_1977-6-21_2015.jpg ",1.0
"42/nm0004742_rm3237517568_1967-4-18_2005.jpg ",1.0
"41/nm0004741_rm2311689472_1986-10-2_2008.jpg ",0.0
"42/nm0000142_rm3260712704_1930-5-31_1971.jpg ",1.0
"41/nm0786641_rm2454370304_1967-8-12_2011.jpg ",1.0
"44/nm0704044_rm434734336_1955-5-11_1984.jpg  ",1.0
"49/nm0000949_rm2981484032_1969-5-14_2014.jpg ",0.0
"44/nm1443644_rm1763440384_1983-4-29_2013.jpg ",1.0
"40/nm0001840_rm171636992_1963-11-20_2013.jpg ",0.0
"40/nm2279940_rm4285042432_1984-7-27_2009.jpg ",0.0
"40/nm2125540_rm3803024896_1953-7-29_2009.jpg ",0.0
"46/nm0221046_rm1935800064_1980-1-17_2011.jpg ",1.0
"49/nm0004949_rm1680710144_1973-7-7_2003.jpg  ",1.0
"42/nm0005042_rm3945893376_1963-6-6_2000.jpg  ",1.0
"43/nm0000643_rm66358272_1933-8-25_1979.jpg   ",1.0
"42/nm0734442_rm1784993536_1976-4-4_2006.jpg  ",1.0
"44/nm1715144_rm765185536_1978-12-12_2012.jpg ",0.0
"41/nm0001741_rm387554048_1965-9-17_2006.jpg  ",1.0
"47/nm2210947_rm776971008_1984-10-5_2013.jpg  ",0.0
"45/nm0386645_rm318168064_1987-12-16_2013.jpg ",1.0
"49/nm0001549_rm3011484416_1931-12-11_2003.jpg",0.0
"44/nm1102244_rm1813249024_1976-7-17_2015.jpg ",1.0
"42/nm0000142_rm4249256192_1930-5-31_1966.jpg ",1.0
"48/nm0001448_rm4213410560_1949-4-20_2009.jpg ",0.0
"42/nm0381342_rm8584704_1981-9-7_2014.jpg     ",1.0
"45/nm0000245_rm2252115456_1951-7-21_1996.jpg ",0.0
"49/nm0001449_rm674404352_1938-1-1_2006.jpg   ",1.0
"41/nm0005041_rm1404864000_1957-8-16_2010.jpg ",1.0
"45/nm0296545_rm1880663296_1972-3-28_2013.jpg ",1.0
"40/nm1524440_rm4155278592_1981-1-26_2011.jpg ",0.0
"46/nm0000246_rm438086656_1955-3-19_2013.jpg  ",1.0
"40/nm1524440_rm2585839616_1981-1-26_2011.jpg ",0.0
"41/nm0046541_rm3973355520_1974-3-7_2005.jpg  ",1.0
"40/nm1102140_rm2707798272_1974-7-29_2005.jpg ",1.0
"48/nm0000648_rm1346276864_1962-7-31_1996.jpg ",1.0
"42/nm0735442_rm4131428608_1978-7-12_2003.jpg ",1.0
"44/nm0001344_rm2522000384_1952-5-6_2012.jpg  ",0.0
"41/nm0001541_rm4211274240_1968-5-28_2015.jpg ",0.0
"47/nm4292747_rm2547894784_2002-10-25_2014.jpg",0.0
"44/nm0790144_rm30317312_1939-3-3_2007.jpg    ",1.0
"47/nm0000547_rm3994010112_1953-5-24_2014.jpg ",1.0
"45/nm0005545_rm382638080_1937-9-26_2004.jpg  ",1.0
"49/nm0000949_rm3349797376_1969-5-14_2013.jpg ",0.0
"49/nm0000949_rm2381355008_1969-5-14_2006.jpg ",0.0
"43/nm0005543_rm2724502272_1973-2-7_2005.jpg  ",1.0
"47/nm0668247_rm164606720_1961-2-10_2011.jpg  ",1.0
"40/nm0729040_rm2450966784_1977-1-17_2014.jpg ",1.0
"40/nm1443740_rm763876352_1983-9-9_2013.jpg   ",1.0
"49/nm0000149_rm1646231552_1962-11-19_1991.jpg",0.0
"46/nm0000346_rm1074826752_1980-8-26_1991.jpg ",0.0
"45/nm2598945_rm1029998592_1995-10-15_2009.jpg",1.0
"40/nm0081540_rm551352832_1960-4-15_2014.jpg  ",0.0
"46/nm0221046_rm2455288064_1980-1-17_2011.jpg ",0.0
"41/nm0893941_rm3481311232_1970-10-2_2006.jpg ",0.0
"47/nm0001747_rm3430390016_1953-10-30_2007.jpg",1.0
"47/nm1417647_rm1207154176_1977-10-26_2007.jpg",1.0
"46/nm0000246_rm2865739008_1955-3-19_2012.jpg ",1.0
"47/nm0001347_rm473531648_1948-2-5_1986.jpg   ",0.0
"44/nm0819244_rm2259327744_1974-12-17_2002.jpg",1.0
"45/nm0005045_rm2671745792_1978-6-11_2006.jpg ",1.0
"47/nm2357847_rm2465973760_1989-12-13_2014.jpg",0.0
"42/nm0000442_rm3491466752_1944-1-23_1989.jpg ",1.0
"40/nm0138840_rm2364066816_1983-4-18_2014.jpg ",1.0
"49/nm1183149_rm1443725568_1977-3-25_2010.jpg ",1.0
"42/nm0922342_rm1946127104_1978-6-10_2009.jpg ",1.0
"42/nm0000242_rm2534180608_1971-6-5_2010.jpg  ",1.0
"46/nm0467546_rm4040987136_1966-8-26_2007.jpg ",1.0
"41/nm0000241_rm52530688_1960-10-18_1990.jpg  ",1.0
"45/nm2605345_rm3010300928_1986-2-2_2010.jpg  ",1.0
"46/nm0000146_rm2012066048_1962-12-22_2011.jpg",1.0
"45/nm0000545_rm2270266112_1945-7-26_2010.jpg ",0.0
"40/nm2836740_rm984145152_1995-1-30_2013.jpg  ",0.0
"49/nm1616349_rm3146486784_1979-9-15_2006.jpg ",0.0
"42/nm2933542_rm3874805504_1981-9-1_2014.jpg  ",1.0
"45/nm0876645_rm1707659520_1959-3-14_2014.jpg ",0.0
"46/nm0000346_rm885430528_1980-8-26_2004.jpg  ",1.0
"49/nm0648249_rm4002264832_1968-5-20_2010.jpg ",1.0
"47/nm3694147_rm2919682048_1989-5-19_2013.jpg ",1.0
"44/nm0659544_rm1447336192_1972-5-31_2007.jpg ",0.0
"43/nm0848543_rm23299072_1982-2-8_1992.jpg    ",1.0
"41/nm0000141_rm1478146048_1960-8-7_2004.jpg  ",1.0
"42/nm0000142_rm941133312_1930-5-31_1997.jpg  ",1.0
"41/nm1877441_rm3434660352_1985-2-19_2012.jpg ",1.0
"48/nm0004748_rm3618281472_1972-5-1_2007.jpg  ",0.0
"41/nm0001341_rm1946734336_1934-2-14_1969.jpg ",1.0
"45/nm0004645_rm3545471488_1972-2-29_2005.jpg ",1.0
"49/nm0001449_rm538151168_1938-1-1_2009.jpg   ",1.0
"42/nm0005042_rm2103293696_1963-6-6_2012.jpg  ",1.0
"41/nm0043041_rm2044709120_1945-11-27_1990.jpg",0.0
"41/nm1002641_rm1600306688_1978-6-2_2011.jpg  ",1.0
"47/nm0289247_rm3493432832_1979-4-26_1994.jpg ",1.0
"46/nm0005446_rm2233314304_1946-12-30_2012.jpg",1.0
"42/nm0604742_rm3056710912_1966-4-22_2011.jpg ",1.0
"44/nm0000444_rm3674180864_1955-3-13_2009.jpg ",0.0
"41/nm0646241_rm247515392_1979-6-1_2009.jpg   ",1.0
"41/nm0540441_rm892195328_1984-11-21_2013.jpg ",0.0
"42/nm0000142_rm85495296_1930-5-31_1997.jpg   ",1.0
"44/nm0000044_rm2009844736_1913-11-2_1970.jpg ",1.0
"49/nm0241049_rm3358229504_1972-11-14_2004.jpg",1.0
"45/nm0296545_rm4052794112_1972-3-28_2011.jpg ",1.0
"49/nm0648249_rm1100935168_1968-5-20_2010.jpg ",0.0
"47/nm0000547_rm2168429312_1953-5-24_2002.jpg ",1.0
"49/nm0000849_rm1603180800_1969-3-1_2007.jpg  ",1.0
"40/nm1058940_rm666285312_1977-11-11_2012.jpg ",1.0
"42/nm0322242_rm2197609984_1965-3-26_2013.jpg ",0.0
"48/nm0004748_rm2246411520_1972-5-1_2010.jpg  ",0.0
"44/nm0817844_rm2157092864_1981-8-4_2012.jpg  ",0.0
"44/nm0439344_rm2164437504_1940-9-22_1962.jpg ",0.0
"48/nm0000148_rm3704605696_1942-7-13_1994.jpg ",1.0
"43/nm0001143_rm671649280_1965-8-19_1988.jpg  ",1.0
"43/nm0836343_rm4114722304_1978-5-16_2012.jpg ",1.0
"45/nm0642145_rm555675648_1946-4-12_2009.jpg  ",1.0
"44/nm0887144_rm3711408128_1969-7-6_2005.jpg  ",1.0
"48/nm0001448_rm2400168192_1949-4-20_2012.jpg ",0.0
"47/nm0197647_rm3455484672_1978-5-1_2010.jpg  ",1.0
"42/nm0922342_rm1231859712_1978-6-10_2010.jpg ",1.0
"48/nm0005148_rm3039268352_1952-11-18_1994.jpg",1.0
"45/nm0001745_rm327998720_1951-6-13_2013.jpg  ",0.0
"40/nm0432040_rm3342567936_1951-5-4_2009.jpg  ",1.0
"49/nm0809049_rm204652032_1980-6-19_2011.jpg  ",1.0
"48/nm1182048_rm467308032_1978-7-4_2006.jpg   ",0.0
"47/nm0906547_rm2338363904_1973-7-22_2004.jpg ",1.0
"42/nm0922342_rm1900792064_1978-6-10_2014.jpg ",1.0
"46/nm0221046_rm3765349376_1980-1-17_2011.jpg ",0.0
"40/nm2356940_rm617988352_1989-7-1_2014.jpg   ",0.0
"42/nm0004742_rm732271616_1967-4-18_2007.jpg  ",0.0
"43/nm0000643_rm454594048_1933-8-25_1989.jpg  ",0.0
"40/nm1552940_rm988805632_1983-9-28_2013.jpg  ",0.0
"44/nm0385644_rm1762566400_1965-9-21_2011.jpg ",1.0
"45/nm0000245_rm2772340224_1951-7-21_1996.jpg ",1.0
"42/nm0004742_rm211588096_1967-4-18_2008.jpg  ",0.0
"46/nm0221046_rm851232000_1980-1-17_2011.jpg  ",0.0
"46/nm0101146_rm2936113408_1950-7-0_2009.jpg  ",0.0
"43/nm0836343_rm2661320192_1978-5-16_2011.jpg ",0.0
"46/nm2073546_rm379439616_1977-11-6_2006.jpg  ",1.0
"41/nm0470941_rm399886336_1992-11-18_2013.jpg ",1.0
"47/nm0019247_rm58503936_1965-4-1_2011.jpg    ",1.0
"46/nm2692146_rm395304192_1983-10-24_2013.jpg ",0.0
"40/nm0365140_rm2706485760_1976-9-6_2012.jpg  ",0.0
"48/nm0001648_rm1023851520_1946-2-5_2011.jpg  ",0.0
"46/nm0000246_rm2832184576_1955-3-19_2012.jpg ",1.0
"45/nm0005245_rm1839837696_1970-4-20_2005.jpg ",1.0
"40/nm1954240_rm2116081152_1986-2-26_2014.jpg ",0.0
"44/nm0001644_rm2620233216_1959-3-8_2007.jpg  ",1.0
"40/nm2279940_rm179356416_1984-7-27_2013.jpg  ",1.0
"41/nm0001741_rm649366016_1965-9-17_2008.jpg  ",1.0
"41/nm0005541_rm684767744_1972-7-23_2000.jpg  ",1.0
"42/nm0000242_rm2737091840_1971-6-5_2012.jpg  ",1.0
"46/nm0000246_rm3974008064_1955-3-19_2007.jpg ",1.0
"49/nm0648249_rm103254784_1968-5-20_2010.jpg  ",1.0
"48/nm0000148_rm2186975488_1942-7-13_2002.jpg ",1.0
"47/nm1221047_rm216452096_1971-3-22_2014.jpg  ",1.0
"44/nm0000344_rm2773399552_1957-11-24_2007.jpg",0.0
"41/nm0540441_rm4007460352_1984-11-21_2014.jpg",1.0
"45/nm0281945_rm918222592_1966-5-1_2015.jpg   ",0.0
"42/nm0000342_rm2397015808_1940-1-27_2010.jpg ",1.0
"47/nm0134647_rm463968000_1959-12-9_2008.jpg  ",1.0
"49/nm0000249_rm920040704_1947-4-18_1984.jpg  ",0.0
"46/nm0221046_rm2135597056_1980-1-17_2013.jpg ",0.0
"47/nm0716347_rm72988928_1970-9-29_2011.jpg   ",1.0
"41/nm0171041_rm1031325696_1968-2-8_1978.jpg  ",1.0
"46/nm0385346_rm1096583936_1978-9-3_2008.jpg  ",0.0
"49/nm0000149_rm2713617408_1962-11-19_2011.jpg",1.0
"49/nm0080049_rm2816314368_1973-12-11_2006.jpg",1.0
"41/nm0003941_rm2306248704_1961-5-8_2006.jpg  ",1.0
"49/nm0000349_rm2471461888_1962-10-11_1999.jpg",1.0
"41/nm0000241_rm3053427456_1960-10-18_1996.jpg",1.0
"43/nm0318543_rm821679872_1984-3-9_2012.jpg   ",1.0
"44/nm0005044_rm2834342144_1982-5-11_2012.jpg ",1.0
"46/nm0000246_rm137546752_1955-3-19_1995.jpg  ",1.0
"48/nm0424848_rm3676941824_1989-10-4_2012.jpg ",1.0
"45/nm0378245_rm541690368_1970-9-11_2009.jpg  ",0.0
"45/nm2605345_rm1994490368_1986-2-2_2010.jpg  ",0.0
"45/nm0005045_rm987475712_1978-6-11_2012.jpg  ",0.0
"49/nm1616349_rm750632192_1979-9-15_2011.jpg  ",1.0
"45/nm0319445_rm3496396800_1946-11-18_1976.jpg",1.0
"46/nm0000346_rm2467859968_1980-8-26_1989.jpg ",1.0
"46/nm0005046_rm3946027776_1976-8-31_2000.jpg ",0.0
"43/nm0222643_rm3338641920_1949-8-21_2012.jpg ",0.0
"49/nm0505949_rm3905019136_1982-3-12_1999.jpg ",1.0
"46/nm0221046_rm3805917184_1980-1-17_2011.jpg ",0.0
"40/nm1102140_rm2443032064_1974-7-29_2005.jpg ",1.0
"42/nm0004742_rm1007353088_1967-4-18_2015.jpg ",1.0
"45/nm0005045_rm3142359808_1978-6-11_2002.jpg ",1.0
"41/nm0646241_rm499173632_1979-6-1_2009.jpg   ",1.0
"48/nm0000148_rm761038080_1942-7-13_1978.jpg  ",1.0
"40/nm0365140_rm3176247808_1976-9-6_2012.jpg  ",0.0
"41/nm0266441_rm68326912_1961-5-13_2008.jpg   ",0.0
"41/nm0171041_rm142133248_1968-2-8_1978.jpg   ",1.0
"47/nm0005547_rm4165066496_1965-1-12_2010.jpg ",0.0
"40/nm2431340_rm3205858560_1981-5-19_2010.jpg ",1.0
"43/nm1146243_rm812244480_1977-4-6_2013.jpg   ",1.0
"46/nm0004846_rm3746208512_1974-3-17_2006.jpg ",0.0
"44/nm0817844_rm3321987584_1981-8-4_2008.jpg  ",0.0
"47/nm0037247_rm2842069248_1958-3-13_2008.jpg ",1.0
"42/nm0005342_rm2233436928_1969-1-6_2009.jpg  ",1.0
"45/nm2400045_rm3293884928_1989-1-9_2009.jpg  ",0.0
"49/nm0578949_rm706514432_1974-3-5_2000.jpg   ",0.0
"46/nm0221046_rm3759517440_1980-1-17_2011.jpg ",0.0
"48/nm2574248_rm1727378688_1985-3-4_2012.jpg  ",0.0
"41/nm0000141_rm2528555264_1960-8-7_2007.jpg  ",1.0
"43/nm0000443_rm802732800_1945-11-21_1987.jpg ",1.0
"41/nm0484541_rm283770112_1969-9-30_2015.jpg  ",1.0
"42/nm0000142_rm1054640640_1930-5-31_2008.jpg ",1.0
"40/nm1058940_rm144158208_1977-11-11_2012.jpg ",1.0
"40/nm2391440_rm4078424576_1988-4-12_2011.jpg ",0.0
"42/nm0734442_rm1132701440_1976-4-4_2006.jpg  ",1.0
"49/nm0080049_rm4130389248_1973-12-11_2006.jpg",1.0
"43/nm1580243_rm1540602368_1979-11-12_2003.jpg",1.0
"45/nm2400045_rm2189339392_1989-1-9_2012.jpg  ",0.0
"44/nm0001644_rm809078272_1959-3-8_1994.jpg   ",1.0
"40/nm0365140_rm3062214400_1976-9-6_2012.jpg  ",0.0
"41/nm0004741_rm1374984448_1986-10-2_2006.jpg ",0.0
"49/nm0000149_rm2380502016_1962-11-19_2008.jpg",0.0
"46/nm0004746_rm982037504_1926-8-3_2012.jpg   ",0.0
"46/nm0005346_rm16423680_1975-11-8_2000.jpg   ",0.0
"42/nm0007042_rm1534559232_1917-9-11_1976.jpg ",1.0
"45/nm0397445_rm2731835392_1978-4-13_2006.jpg ",1.0
"46/nm1672246_rm1777437696_1977-3-19_2010.jpg ",1.0
"44/nm0887144_rm567061504_1969-7-6_2009.jpg   ",1.0
"49/nm0000149_rm597855488_1962-11-19_2007.jpg ",0.0
"43/nm1146243_rm2656032768_1977-4-6_2013.jpg  ",1.0
"49/nm0001749_rm2151205888_1934-12-28_1969.jpg",1.0
"40/nm0000140_rm573935104_1944-9-25_1987.jpg  ",1.0
"45/nm0000245_rm2149038336_1951-7-21_1997.jpg ",1.0
"40/nm0093740_rm3378088448_1972-9-21_2008.jpg ",0.0
"43/nm0341743_rm177524224_1947-7-31_1987.jpg  ",1.0
"48/nm0004748_rm669890816_1972-5-1_2008.jpg   ",0.0
"44/nm0001644_rm2753138176_1959-3-8_1990.jpg  ",0.0
"40/nm0000140_rm432969728_1944-9-25_2004.jpg  ",1.0
"40/nm0365140_rm2270278144_1976-9-6_2012.jpg  ",0.0
"42/nm1970642_rm3359095040_1998-4-16_2011.jpg ",1.0
"45/nm0378245_rm3383400448_1970-9-11_2007.jpg ",1.0
"43/nm0240043_rm2388494592_1975-3-22_2007.jpg ",0.0
"49/nm0365649_rm2916927744_1958-6-12_1977.jpg ",0.0
"42/nm0000142_rm1100467712_1930-5-31_1990.jpg ",1.0
"46/nm1402546_rm1452713728_1980-6-16_2011.jpg ",0.0
"41/nm0540441_rm3179723520_1984-11-21_2004.jpg",0.0
"49/nm1940449_rm3384257024_1983-8-20_2012.jpg ",1.0
"45/nm0001445_rm746368512_1928-6-20_2012.jpg  ",1.0
"49/nm0241049_rm2158067712_1972-11-14_2010.jpg",0.0
"43/nm1580243_rm3285552640_1979-11-12_2003.jpg",1.0
"46/nm0302446_rm93821440_1960-2-6_1996.jpg    ",0.0
"46/nm0001046_rm2397932800_1941-4-14_2006.jpg ",0.0
"42/nm3849842_rm796192768_1996-2-21_2011.jpg  ",1.0
"49/nm0276349_rm4168201472_1972-12-26_2011.jpg",0.0
"49/nm0000149_rm1512355072_1962-11-19_2012.jpg",0.0
"44/nm0641944_rm1988942336_1972-3-6_2013.jpg  ",1.0
"44/nm1443644_rm104453632_1983-4-29_2013.jpg  ",0.0
"40/nm1102140_rm1724944128_1974-7-29_2010.jpg ",1.0
"40/nm0885840_rm2223739904_1986-5-12_2006.jpg ",0.0
"45/nm0567945_rm2057881856_1972-1-28_2013.jpg ",1.0
"45/nm0718645_rm1360644864_1946-10-27_2014.jpg",1.0
"41/nm0470941_rm4087330816_1992-11-18_2007.jpg",1.0
"46/nm0001446_rm1685899264_1936-10-31_1984.jpg",1.0
"47/nm0004747_rm3424947968_1978-9-4_2010.jpg  ",1.0
"41/nm0000641_rm2497688576_1955-3-17_2004.jpg ",1.0
"44/nm1634944_rm2038203648_1979-5-11_2010.jpg ",0.0
"40/nm0063440_rm2594684672_1972-11-11_2011.jpg",1.0
"47/nm2676147_rm688368128_1985-3-26_2011.jpg  ",1.0
"46/nm3501146_rm1916650240_1986-5-9_2014.jpg  ",0.0
"49/nm0000949_rm2690119424_1969-5-14_2015.jpg ",1.0
"48/nm0000148_rm393261056_1942-7-13_2006.jpg  ",0.0
"41/nm0000741_rm1657444608_1953-6-13_2001.jpg ",1.0
"46/nm1324246_rm291933696_1976-10-24_2009.jpg ",0.0
"40/nm1229640_rm1971167232_1973-0-0_2013.jpg  ",1.0
"42/nm0043742_rm1232992768_1968-0-0_2014.jpg  ",1.0
"43/nm1047343_rm3407992832_1971-7-26_2010.jpg ",0.0
"41/nm0003941_rm2112224000_1961-5-8_2014.jpg  ",0.0
"44/nm0659544_rm922334976_1972-5-31_2009.jpg  ",0.0
"47/nm2676147_rm986492160_1985-3-26_2013.jpg  ",1.0
"40/nm0933940_rm3458849024_1973-7-3_2013.jpg  ",1.0
"47/nm0147147_rm2472980992_1983-5-5_2011.jpg  ",1.0
"42/nm0922342_rm393006336_1978-6-10_2014.jpg  ",1.0
"41/nm0540441_rm4215246336_1984-11-21_1998.jpg",0.0
"43/nm2017943_rm2496249600_1982-4-5_2011.jpg  ",0.0
"49/nm0001349_rm2468646656_1979-2-21_2005.jpg ",0.0
"47/nm0005447_rm3285293056_1983-6-10_2001.jpg ",0.0
"41/nm0540441_rm955437568_1984-11-21_2013.jpg ",0.0
"44/nm0000144_rm2219673344_1962-10-26_2006.jpg",1.0
"40/nm0752740_rm302238720_1984-4-22_2005.jpg  ",0.0
"42/nm0335242_rm3668753408_1973-1-25_2005.jpg ",1.0
"41/nm0935541_rm70040064_1984-11-28_2006.jpg  ",1.0
"49/nm0578949_rm2185992704_1974-3-5_2003.jpg  ",0.0
"46/nm0117146_rm347910144_1974-10-18_2008.jpg ",0.0
"47/nm2796047_rm4087196928_1978-12-18_2011.jpg",1.0
"40/nm1443740_rm717075712_1983-9-9_2012.jpg   ",1.0
"48/nm0000148_rm2274462976_1942-7-13_1981.jpg ",0.0
"42/nm0267042_rm1780873472_1983-7-10_2014.jpg ",0.0
"40/nm0247040_rm637057024_1967-3-1_2000.jpg   ",1.0
"42/nm0005342_rm4023626496_1969-1-6_2010.jpg  ",1.0
"48/nm1157048_rm3706234368_1980-9-29_2013.jpg ",1.0
"48/nm0083348_rm2468594944_1957-9-24_2015.jpg ",1.0
"42/nm0922342_rm1445232896_1978-6-10_2010.jpg ",1.0
"40/nm0001840_rm251908352_1963-11-20_2013.jpg ",0.0
"40/nm2978540_rm2998831616_1998-2-11_2008.jpg ",1.0
"46/nm0221046_rm1675740160_1980-1-17_2011.jpg ",0.0
"48/nm0951148_rm2485762048_1985-5-10_2011.jpg ",0.0
"43/nm0460843_rm203724800_1957-11-7_2005.jpg  ",0.0
"48/nm0000548_rm2089396224_1933-4-15_1964.jpg ",0.0
"45/nm1074245_rm2311641344_1968-11-18_2013.jpg",1.0
"47/nm0000547_rm1340461056_1953-5-24_2013.jpg ",0.0
"46/nm0273946_rm4217227520_1966-2-2_2009.jpg  ",1.0
"42/nm0922342_rm287354880_1978-6-10_2010.jpg  ",0.0
"45/nm4129745_rm2076430592_1988-4-13_2012.jpg ",0.0
"47/nm0000147_rm3811485696_1960-9-10_2012.jpg ",0.0
"46/nm1599046_rm3072383488_1986-1-28_2013.jpg ",0.0
"45/nm0025745_rm2100084480_1975-7-17_2011.jpg ",0.0
"42/nm2466842_rm3253833216_1984-8-15_2009.jpg ",1.0
"44/nm0559144_rm726244096_1965-8-24_2000.jpg  ",0.0
"41/nm1633541_rm3899952640_1982-9-28_2009.jpg ",1.0
"42/nm0149942_rm445495040_1952-2-17_2011.jpg  ",1.0
"40/nm0885840_rm2557130240_1986-5-12_2011.jpg ",0.0
"43/nm0700443_rm3497773056_1979-4-9_1984.jpg  ",1.0
"45/nm2400045_rm3735260416_1989-1-9_2009.jpg  ",0.0
"41/nm0315041_rm3013119232_1961-6-25_2008.jpg ",1.0
"44/nm0000244_rm1041859840_1949-10-8_2001.jpg ",0.0
"40/nm0025440_rm190438656_1908-12-14_1961.jpg ",0.0
"48/nm0000148_rm2752153344_1942-7-13_1989.jpg ",0.0
"43/nm0000843_rm1216583680_1931-9-17_1962.jpg ",0.0
"42/nm0734442_rm735094272_1976-4-4_2006.jpg   ",1.0
"40/nm5902240_rm2476727296_1989-5-16_2013.jpg ",0.0
"49/nm0578949_rm1790020096_1974-3-5_2008.jpg  ",0.0
"41/nm0000141_rm3964898304_1960-8-7_2009.jpg  ",0.0
"43/nm0221043_rm2675554816_1976-10-11_2005.jpg",1.0
"45/nm0001845_rm3659763200_1961-7-15_1992.jpg ",1.0
"49/nm0000249_rm1046911488_1947-4-18_2005.jpg ",1.0
"41/nm0000241_rm4251625728_1960-10-18_2013.jpg",1.0
"49/nm0582149_rm2048510720_1974-8-11_2012.jpg ",1.0
"42/nm0000242_rm627289344_1971-6-5_2013.jpg   ",1.0
"48/nm1157048_rm3756566016_1980-9-29_2013.jpg ",0.0
"45/nm3485845_rm1273672704_1983-11-19_2012.jpg",1.0
"46/nm0221046_rm333562880_1980-1-17_2011.jpg  ",0.0
"46/nm0117146_rm1177923840_1974-10-18_2005.jpg",0.0
"48/nm0000148_rm2794622208_1942-7-13_1989.jpg ",1.0
"40/nm1285540_rm642707968_1976-4-15_2015.jpg  ",0.0
"40/nm2836740_rm1450486272_1995-1-30_2012.jpg ",0.0
"43/nm0519043_rm23697664_1978-6-2_2008.jpg    ",1.0
"48/nm1550948_rm2936911616_1982-0-0_2012.jpg  ",1.0
"48/nm0000948_rm2561852160_1961-12-16_2014.jpg",1.0
"44/nm0005444_rm3412105728_1963-9-25_1996.jpg ",0.0
"48/nm0000648_rm1547603456_1962-7-31_1996.jpg ",1.0
"43/nm1086543_rm4164071680_1985-12-3_2012.jpg ",0.0
"40/nm1954240_rm2783814144_1986-2-26_2013.jpg ",0.0
"48/nm2574248_rm3837892608_1985-3-4_2006.jpg  ",0.0
"42/nm0001642_rm2000276480_1950-10-1_1973.jpg ",1.0
"42/nm0001842_rm541496832_1928-9-19_2009.jpg  ",1.0
"45/nm0000545_rm3828128512_1945-7-26_2007.jpg ",0.0
"43/nm0000443_rm152079872_1945-11-21_1990.jpg ",1.0
"40/nm0000640_rm473861632_1940-8-3_1997.jpg   ",1.0
"42/nm0604742_rm3073488128_1966-4-22_2011.jpg ",1.0
"43/nm0001043_rm3749492224_1980-12-3_2012.jpg ",0.0
"41/nm0651441_rm2808918016_1982-8-20_2005.jpg ",0.0
"49/nm0530249_rm719058944_1973-10-10_2014.jpg ",1.0
"44/nm1662644_rm775399168_1981-1-18_2013.jpg  ",0.0
"45/nm0609845_rm1573038336_1973-2-25_2011.jpg ",1.0
"46/nm0000246_rm2288294400_1955-3-19_2008.jpg ",1.0
"42/nm0718642_rm3970930944_1981-4-28_2007.jpg ",0.0
"45/nm0000245_rm2446907392_1951-7-21_2013.jpg ",1.0
"43/nm0005443_rm1835383040_1951-9-13_2010.jpg ",0.0
"48/nm0424848_rm837939712_1989-10-4_2015.jpg  ",0.0
"40/nm1555340_rm2790176768_1982-12-29_2007.jpg",0.0
"41/nm0540441_rm3649828864_1984-11-21_2014.jpg",0.0
"42/nm0005342_rm2485759488_1969-1-6_2010.jpg  ",1.0
"46/nm2240346_rm944013568_1996-6-13_2010.jpg  ",1.0
"40/nm0500140_rm1913818880_1956-7-27_2004.jpg ",0.0
"40/nm1431940_rm298440960_1979-8-3_2013.jpg   ",0.0
"40/nm0711840_rm869505280_1969-3-28_1997.jpg  ",1.0
"49/nm0000249_rm3651770368_1947-4-18_2000.jpg ",1.0
"43/nm0000443_rm3591289088_1945-11-21_1996.jpg",0.0
"42/nm0005342_rm4178825984_1969-1-6_2010.jpg  ",1.0
"42/nm0604742_rm3283857664_1966-4-22_2012.jpg ",1.0
"42/nm2466842_rm3908144640_1984-8-15_2009.jpg ",1.0
"40/nm1058940_rm4160466432_1977-11-11_2012.jpg",1.0
"43/nm0519043_rm2433456896_1978-6-2_2006.jpg  ",1.0
"40/nm0141140_rm1127252480_1971-5-28_2007.jpg ",0.0
"40/nm2358540_rm3885334528_1984-7-12_2010.jpg ",0.0
"49/nm0000949_rm1379503872_1969-5-14_2004.jpg ",0.0
"48/nm0001448_rm822454528_1949-4-20_2012.jpg  ",0.0
"45/nm0000545_rm2822745856_1945-7-26_2012.jpg ",0.0
"42/nm0751942_rm3559825920_1959-8-5_2013.jpg  ",1.0
"48/nm0907548_rm145795584_1982-6-21_2012.jpg  ",1.0
"43/nm0001143_rm2761146112_1965-8-19_2004.jpg ",1.0
"42/nm0734442_rm151822592_1976-4-4_2006.jpg   ",1.0
"43/nm0519043_rm831060736_1978-6-2_2014.jpg   ",1.0
"46/nm3405146_rm855496448_1978-4-28_2012.jpg  ",1.0
"47/nm0001847_rm3576595456_1914-12-26_1961.jpg",1.0
"42/nm0005442_rm4108619008_1976-3-26_2006.jpg ",0.0
"46/nm0000246_rm3940453632_1955-3-19_2007.jpg ",1.0
"40/nm1119340_rm3615473664_1977-2-18_2014.jpg ",1.0
"41/nm0315041_rm2979564800_1961-6-25_2008.jpg ",1.0
"45/nm2605345_rm2504830208_1986-2-2_2013.jpg  ",1.0
"40/nm0001040_rm3887848704_1961-4-26_1990.jpg ",0.0
"48/nm1157048_rm2430369792_1980-9-29_2007.jpg ",1.0
"47/nm1659547_rm1614076928_1985-5-28_2013.jpg ",0.0
"47/nm1057047_rm3955985920_1977-8-25_2002.jpg ",1.0
"49/nm2248149_rm887279616_1974-2-11_2014.jpg  ",1.0
"47/nm0000147_rm2597293568_1960-9-10_2009.jpg ",1.0
"43/nm2560043_rm2609896448_1990-8-9_2013.jpg  ",0.0
"40/nm1102140_rm2778116608_1974-7-29_2005.jpg ",1.0
"41/nm0588241_rm424838144_1928-12-25_1984.jpg ",1.0
"44/nm0001644_rm1063234816_1959-3-8_2012.jpg  ",1.0
"40/nm0524240_rm4159551744_1974-3-5_2011.jpg  ",1.0
"40/nm0063440_rm3357850368_1972-11-11_2002.jpg",1.0
"44/nm0817844_rm3447574272_1981-8-4_2013.jpg  ",1.0
"41/nm0000641_rm2855045376_1955-3-17_2004.jpg ",1.0
"49/nm0080049_rm1390251008_1973-12-11_2006.jpg",1.0
"43/nm0836343_rm4063200256_1978-5-16_2011.jpg ",0.0
"45/nm0642145_rm2918228224_1946-4-12_2009.jpg ",1.0
"45/nm0005045_rm3241055232_1978-6-11_2008.jpg ",1.0
"41/nm0598241_rm336102144_1979-12-14_2010.jpg ",0.0
"47/nm0860947_rm2915534592_1963-12-6_2010.jpg ",1.0
"44/nm0275244_rm4021142528_1963-3-23_2014.jpg ",1.0
"47/nm0714147_rm709161216_1975-6-15_2007.jpg  ",0.0
"45/nm0935345_rm621849344_1944-2-21_1973.jpg  ",0.0
"46/nm0444146_rm1186903296_1977-3-3_2013.jpg  ",1.0
"45/nm0378245_rm3335430144_1970-9-11_2011.jpg ",0.0
"40/nm0001340_rm3682387968_1929-7-5_1984.jpg  ",0.0
"49/nm1183149_rm1460502784_1977-3-25_2010.jpg ",1.0
"40/nm1555340_rm2349572352_1982-12-29_2007.jpg",0.0
"48/nm2574248_rm2798556160_1985-3-4_2006.jpg  ",0.0
"42/nm0000142_rm473733888_1930-5-31_2007.jpg  ",1.0
"44/nm0191044_rm976793600_1964-12-29_2009.jpg ",1.0
"41/nm0315041_rm2946010368_1961-6-25_2008.jpg ",1.0
"49/nm0000849_rm4033063168_1969-3-1_2012.jpg  ",1.0
"45/nm1386645_rm4264937728_1958-11-18_2011.jpg",1.0
"47/nm1659547_rm1958192640_1985-5-28_2013.jpg ",1.0
"43/nm1086543_rm1183420160_1985-12-3_2010.jpg ",0.0
"43/nm0920543_rm2588524032_1958-9-27_2011.jpg ",1.0
"44/nm0004744_rm1480429056_1957-10-17_1995.jpg",1.0
"48/nm0426648_rm1927056128_1980-10-12_2009.jpg",0.0
"44/nm0189144_rm2568400896_1964-4-4_2009.jpg  ",1.0
"49/nm1940449_rm2661591552_1983-8-20_2012.jpg ",1.0
"41/nm0913941_rm3432041984_1947-3-12_1985.jpg ",0.0
"40/nm0167040_rm824743424_1935-1-13_2008.jpg  ",1.0
"41/nm0315041_rm654887424_1961-6-25_2014.jpg  ",1.0
"42/nm0000142_rm3056314624_1930-5-31_2012.jpg ",1.0
"49/nm0349749_rm973648896_1952-8-12_2007.jpg  ",0.0
"46/nm0005146_rm3845304576_1972-7-7_2012.jpg  ",0.0
"49/nm0001449_rm1879231488_1938-1-1_2006.jpg  ",0.0
"41/nm0540441_rm763738880_1984-11-21_2011.jpg ",0.0
"40/nm0000640_rm4282300672_1940-8-3_1979.jpg  ",1.0
"40/nm0004940_rm1678937600_1948-11-6_1984.jpg ",1.0
"46/nm3501146_rm3056778752_1986-5-9_2011.jpg  ",0.0
"41/nm0748541_rm1457560320_1971-10-6_2007.jpg ",1.0
"43/nm1580243_rm2235675136_1979-11-12_2003.jpg",0.0
"41/nm0651441_rm1158928896_1982-8-20_2014.jpg ",0.0
"40/nm0000140_rm2911690496_1944-9-25_2013.jpg ",1.0
"48/nm0000148_rm2268846848_1942-7-13_2013.jpg ",1.0
"48/nm0000148_rm2802484992_1942-7-13_1989.jpg ",1.0
"41/nm0748541_rm2902374656_1971-10-6_2007.jpg ",0.0
"40/nm0001840_rm613478400_1963-11-20_2013.jpg ",0.0
"45/nm0233145_rm2710736128_1966-11-11_1989.jpg",0.0
"42/nm0000242_rm1415745024_1971-6-5_2009.jpg  ",1.0
"45/nm0642145_rm264997120_1946-4-12_2009.jpg  ",1.0
"46/nm0221046_rm4130714624_1980-1-17_2011.jpg ",0.0
"42/nm0674742_rm1640011776_1941-7-13_2005.jpg ",1.0
"49/nm0000849_rm1116641536_1969-3-1_2007.jpg  ",1.0
"46/nm0000246_rm305318912_1955-3-19_1995.jpg  ",0.0
"42/nm0005442_rm3967516672_1976-3-26_2009.jpg ",0.0
"48/nm0371048_rm3308109056_1991-0-0_2011.jpg  ",1.0
"46/nm0000246_rm953921280_1955-3-19_2012.jpg  ",1.0
"49/nm0578949_rm3707345152_1974-3-5_2003.jpg  ",0.0
"44/nm0004744_rm2034667008_1957-10-17_2009.jpg",1.0
"40/nm2130040_rm689816320_1979-2-27_2014.jpg  ",1.0
"43/nm0000243_rm4240739328_1954-12-28_2006.jpg",1.0
"47/nm2069547_rm4292130304_2001-1-21_2003.jpg ",1.0
"40/nm0365140_rm3487668480_1976-9-6_2007.jpg  ",0.0
"45/nm0609845_rm1589815552_1973-2-25_2011.jpg ",1.0
"43/nm0001343_rm2741549824_1976-5-7_1986.jpg  ",0.0
"46/nm0000146_rm3731010304_1962-12-22_1996.jpg",1.0
"44/nm1211344_rm371497472_1979-11-0_2004.jpg  ",1.0
"44/nm0000244_rm3768956416_1949-10-8_2012.jpg ",1.0
"49/nm0578949_rm3103240192_1974-3-5_2012.jpg  ",0.0
"49/nm0000949_rm3605197568_1969-5-14_2015.jpg ",0.0
"41/nm0000241_rm1170769152_1960-10-18_2008.jpg",1.0
"45/nm0378245_rm511749376_1970-9-11_2011.jpg  ",1.0
"44/nm0439344_rm2231546368_1940-9-22_1962.jpg ",0.0
"47/nm0000147_rm3587804672_1960-9-10_2009.jpg ",1.0
"45/nm2605345_rm2353109760_1986-2-2_2007.jpg  ",0.0
"48/nm0846548_rm1909299456_1973-7-19_2005.jpg ",1.0
"48/nm0553648_rm1724025856_1966-1-12_2004.jpg ",0.0
"42/nm0000242_rm3973233152_1971-6-5_1999.jpg  ",1.0
"40/nm0156940_rm4130308352_1931-2-24_2010.jpg ",1.0
"48/nm0004748_rm2575668992_1972-5-1_2008.jpg  ",0.0
"41/nm0484541_rm3710057472_1969-9-30_2015.jpg ",0.0
"42/nm2933542_rm1371513344_1981-9-1_2013.jpg  ",0.0
"48/nm0654648_rm420475392_1976-4-1_2015.jpg   ",0.0
"41/nm0334441_rm2859771648_1988-3-27_2013.jpg ",0.0
"45/nm0296545_rm1442156032_1972-3-28_2009.jpg ",1.0
"41/nm0000541_rm2250411520_1945-12-1_1990.jpg ",0.0
"44/nm0190744_rm181177344_1966-6-30_2005.jpg  ",1.0
"41/nm0598241_rm3239418624_1979-12-14_2006.jpg",0.0
"49/nm0241049_rm4080381696_1972-11-14_2012.jpg",1.0
"48/nm0001648_rm4287478016_1946-2-5_2011.jpg  ",0.0
"45/nm0000245_rm129300736_1951-7-21_2014.jpg  ",1.0
"47/nm0548247_rm1870502400_1971-2-18_2001.jpg ",0.0
"45/nm4129745_rm1551671296_1988-4-13_2013.jpg ",0.0
"46/nm1192046_rm1825278720_1962-3-18_2005.jpg ",1.0
"40/nm0101740_rm3362895104_1971-1-30_2010.jpg ",1.0
"45/nm0005045_rm3944975104_1978-6-11_2008.jpg ",1.0
"41/nm0000141_rm314480640_1960-8-7_1997.jpg   ",1.0
"48/nm1157048_rm1491239424_1980-9-29_2007.jpg ",1.0
"47/nm1027847_rm1311560192_1980-10-31_2013.jpg",0.0
"48/nm1157048_rm1579714304_1980-9-29_2010.jpg ",1.0
"41/nm0005441_rm1848556032_1977-8-8_2011.jpg  ",0.0
"46/nm0000246_rm2682162432_1955-3-19_2007.jpg ",1.0
"48/nm0005048_rm2236192512_1969-2-22_2008.jpg ",1.0
"48/nm0000948_rm2117769728_1961-12-16_2005.jpg",1.0
"48/nm0005348_rm3277631488_1922-3-20_2001.jpg ",1.0
"41/nm0935441_rm2781923584_1973-2-2_2010.jpg  ",0.0
"40/nm1119340_rm702525952_1977-2-18_2011.jpg  ",0.0
"48/nm0654648_rm1817050624_1976-4-1_2014.jpg  ",1.0
"42/nm0000242_rm3406486272_1971-6-5_2013.jpg  ",1.0
"46/nm0000246_rm2336850944_1955-3-19_1988.jpg ",1.0
"48/nm1926948_rm3836459776_1986-3-22_2010.jpg ",0.0
"45/nm0378245_rm852674048_1970-9-11_2014.jpg  ",0.0
"45/nm0005045_rm1697951232_1978-6-11_2008.jpg ",1.0
"42/nm0604742_rm309306624_1966-4-22_2012.jpg  ",1.0
"42/nm0000142_rm356043776_1930-5-31_1968.jpg  ",1.0
"44/nm0001644_rm1885846016_1959-3-8_2011.jpg  ",0.0
"41/nm1002641_rm919718400_1978-6-2_2014.jpg   ",1.0
"47/nm0037247_rm3160836352_1958-3-13_2008.jpg ",1.0
"42/nm1172442_rm1258530304_1978-10-17_2013.jpg",0.0
"46/nm3501146_rm2748053504_1986-5-9_2012.jpg  ",0.0
"46/nm0000146_rm135715840_1962-12-22_2013.jpg ",1.0
"44/nm0659544_rm667481088_1972-5-31_2015.jpg  ",0.0
"41/nm1002641_rm1265040384_1978-6-2_2015.jpg  ",1.0
"46/nm0005346_rm2238159616_1975-11-8_2007.jpg ",0.0
"48/nm0000148_rm2432274176_1942-7-13_2010.jpg ",1.0
"47/nm1659547_rm179807744_1985-5-28_2013.jpg  ",0.0
"49/nm0001349_rm2949683456_1979-2-21_1998.jpg ",1.0
"40/nm0005540_rm138317312_1958-6-8_1994.jpg   ",1.0
"41/nm1991541_rm640137728_1970-0-0_2011.jpg   ",1.0
"40/nm0365140_rm1724305408_1976-9-6_2013.jpg  ",0.0
"47/nm2357847_rm2528244736_1989-12-13_2015.jpg",0.0
"40/nm0000140_rm2636230912_1944-9-25_1987.jpg ",1.0
"48/nm0907548_rm3735787520_1982-6-21_2006.jpg ",1.0
"40/nm0608440_rm1845598208_1987-4-27_2005.jpg ",1.0
"47/nm0000547_rm3208311296_1953-5-24_2015.jpg ",1.0
"42/nm0004742_rm3610414592_1967-4-18_2000.jpg ",0.0
"41/nm0000141_rm3241982464_1960-8-7_2007.jpg  ",1.0
"49/nm0000649_rm4152858880_1939-4-13_2004.jpg ",1.0
"49/nm0000349_rm4142962176_1962-10-11_2008.jpg",1.0
"43/nm3772243_rm240302592_1984-12-16_2011.jpg ",1.0
"44/nm0001344_rm2230950144_1952-5-6_2006.jpg  ",1.0
"49/nm0466349_rm2630588416_1966-2-27_2005.jpg ",1.0
"49/nm1616349_rm1525594368_1979-9-15_2006.jpg ",1.0
"49/nm2002649_rm1229638144_1985-6-12_2014.jpg ",1.0
"45/nm0279545_rm723251712_1976-2-3_2015.jpg   ",0.0
"40/nm1102140_rm4211061760_1974-7-29_2005.jpg ",1.0
"44/nm0001744_rm1761843968_1961-11-29_2000.jpg",1.0
"44/nm0005544_rm1610455040_1952-3-19_2007.jpg ",1.0
"49/nm1262749_rm2656163584_1986-11-5_2013.jpg ",0.0
"48/nm0005048_rm2369817088_1969-2-22_2008.jpg ",0.0
"43/nm0700443_rm1283180544_1979-4-9_1984.jpg  ",0.0
"40/nm0000640_rm1849609216_1940-8-3_1983.jpg  ",1.0
"43/nm3772243_rm1915200256_1984-12-16_2013.jpg",1.0
"47/nm0000147_rm341752576_1960-9-10_1989.jpg  ",1.0
"43/nm1580243_rm3711080960_1979-11-12_2003.jpg",1.0
"40/nm0874040_rm378448128_1971-12-25_2012.jpg ",0.0
"48/nm0000148_rm19246592_1942-7-13_2013.jpg   ",1.0
"43/nm0646943_rm1898286592_1981-10-10_1991.jpg",1.0
"48/nm0946148_rm220712192_1959-10-23_2013.jpg ",1.0
"43/nm1580243_rm3546260992_1979-11-12_2003.jpg",1.0
"42/nm0000142_rm1782566400_1930-5-31_1964.jpg ",1.0
"45/nm0005045_rm351438848_1978-6-11_2008.jpg  ",1.0
"40/nm1165040_rm3839538432_1978-11-1_2012.jpg ",0.0
"44/nm0534944_rm2550170624_1975-11-22_1995.jpg",1.0
"47/nm1221047_rm2541339392_1971-3-22_2014.jpg ",1.0
"45/nm0835045_rm2339740160_1979-12-11_2002.jpg",1.0
"49/nm0167649_rm530885376_1958-2-21_2008.jpg  ",1.0
"45/nm0000245_rm4286105600_1951-7-21_1978.jpg ",1.0
"45/nm0000345_rm3334402048_1948-3-14_2015.jpg ",1.0
"47/nm1659547_rm2894037248_1985-5-28_2010.jpg ",0.0
"46/nm2240346_rm2230626304_1996-6-13_2012.jpg ",1.0
"45/nm0005045_rm354728192_1978-6-11_2000.jpg  ",1.0
"47/nm1659547_rm445615104_1985-5-28_2009.jpg  ",0.0
"44/nm0190744_rm3721104384_1966-6-30_2005.jpg ",1.0
"42/nm0004742_rm2303367424_1967-4-18_2007.jpg ",0.0
"41/nm2749141_rm3283731200_0-6-23_2013.jpg    ",0.0
"40/nm1119340_rm65914624_1977-2-18_2014.jpg   ",1.0
"45/nm0005045_rm3874529792_1978-6-11_2008.jpg ",1.0
"42/nm3849842_rm1452713728_1996-2-21_2011.jpg ",0.0
"49/nm0578949_rm9361408_1974-3-5_2013.jpg     ",1.0
"44/nm0601844_rm1446481408_1935-10-12_1988.jpg",1.0
"40/nm0365140_rm3803822336_1976-9-6_2010.jpg  ",0.0
"44/nm1443644_rm3181040896_1983-4-29_2013.jpg ",1.0
"46/nm0000246_rm325753600_1955-3-19_1999.jpg  ",1.0
"46/nm0000246_rm3657998336_1955-3-19_2013.jpg ",1.0
"43/nm0221043_rm166507520_1976-10-11_2005.jpg ",0.0
"41/nm0905741_rm1037879552_1935-4-13_1975.jpg ",0.0
"49/nm0000249_rm752268544_1947-4-18_1984.jpg  ",0.0
"49/nm0000149_rm648187136_1962-11-19_2007.jpg ",0.0
"42/nm3652842_rm272605184_1999-4-9_2011.jpg   ",1.0
"49/nm0005049_rm582003200_1959-11-19_2012.jpg ",0.0
"47/nm1659547_rm2244781824_1985-5-28_2013.jpg ",0.0
"43/nm0222643_rm2084732928_1949-8-21_2010.jpg ",1.0
"40/nm0878240_rm2533529600_1942-3-14_1965.jpg ",1.0
"49/nm0000449_rm582391808_1974-8-15_2004.jpg  ",0.0
"49/nm0000249_rm601273600_1947-4-18_1984.jpg  ",1.0
"42/nm0000242_rm1071349760_1971-6-5_2010.jpg  ",0.0
"43/nm0000443_rm3743780352_1945-11-21_1992.jpg",0.0
"45/nm2605345_rm1189184000_1986-2-2_2010.jpg  ",0.0
"45/nm0296545_rm3449718016_1972-3-28_2011.jpg ",1.0
"44/nm0697344_rm677627904_1936-8-15_1964.jpg  ",1.0
"44/nm0385644_rm3943270400_1965-9-21_2009.jpg ",0.0
"43/nm0836343_rm4059676416_1978-5-16_2011.jpg ",1.0
"40/nm0000640_rm1711246080_1940-8-3_2009.jpg  ",1.0
"43/nm0001243_rm1810140416_1935-8-29_2006.jpg ",1.0
"43/nm1086543_rm1116311296_1985-12-3_2010.jpg ",0.0
"47/nm0000147_rm2907477760_1960-9-10_2008.jpg ",0.0
"43/nm0005143_rm4228747776_1950-4-28_2007.jpg ",1.0
"41/nm0315041_rm3694643712_1961-6-25_2014.jpg ",1.0
"49/nm0578949_rm1315537664_1974-3-5_2010.jpg  ",1.0
"45/nm0001745_rm1839443968_1951-6-13_2008.jpg ",1.0
"43/nm1086543_rm1249765888_1985-12-3_2015.jpg ",0.0
"45/nm0283945_rm2772613376_1976-10-20_2011.jpg",1.0
"48/nm0937748_rm3984386560_1964-11-7_2015.jpg ",1.0
"42/nm0004742_rm4142068224_1967-4-18_2015.jpg ",0.0
"40/nm1102140_rm782672384_1974-7-29_2013.jpg  ",1.0
"41/nm1877441_rm3484992000_1985-2-19_2012.jpg ",1.0
"44/nm0385644_rm708488704_1965-9-21_2011.jpg  ",0.0
"49/nm1676649_rm553556736_1979-11-18_2007.jpg ",1.0
"44/nm0003244_rm2028321792_1968-7-1_2011.jpg  ",1.0
"46/nm3501146_rm728943616_1986-5-9_2010.jpg   ",0.0
"43/nm1580243_rm4254052864_1979-11-12_2003.jpg",1.0
"40/nm2753740_rm2347601408_1987-3-16_2011.jpg ",0.0
"46/nm0249046_rm2829423616_1966-5-21_2004.jpg ",0.0
"46/nm0221046_rm1147971840_1980-1-17_2011.jpg ",1.0
"49/nm1154749_rm2279653376_1982-4-6_2014.jpg  ",1.0
"40/nm0933940_rm1951910912_1973-7-3_2004.jpg  ",1.0
"41/nm0617141_rm2551101440_1973-12-10_2009.jpg",0.0
"47/nm2069547_rm289248768_2001-1-21_2003.jpg  ",1.0
"40/nm1165040_rm3772429568_1978-11-1_2012.jpg ",1.0
"43/nm0001043_rm1550237184_1980-12-3_2009.jpg ",1.0
"41/nm0005541_rm703630592_1972-7-23_2009.jpg  ",1.0
"46/nm0000746_rm2216857088_1967-1-10_1990.jpg ",0.0
"47/nm1221047_rm2878859776_1971-3-22_2012.jpg ",1.0
"44/nm0001644_rm1805635584_1959-3-8_2012.jpg  ",1.0
"40/nm0125540_rm885309440_1962-1-15_2013.jpg  ",0.0
"48/nm0001148_rm3625223936_1936-1-27_1961.jpg ",1.0
"41/nm0484541_rm2063115776_1969-9-30_2013.jpg ",0.0
"44/nm0785944_rm1182631936_1973-8-29_2003.jpg ",0.0
"48/nm1525948_rm2177019904_1978-2-17_2011.jpg ",1.0
"41/nm0000741_rm232763904_1953-6-13_2011.jpg  ",1.0
"40/nm0365140_rm3642600960_1976-9-6_2012.jpg  ",0.0
"48/nm0001748_rm4210332672_1943-7-3_2008.jpg  ",1.0
"44/nm0517844_rm3956251392_1979-9-18_2007.jpg ",0.0
"41/nm0000241_rm1277474048_1960-10-18_2012.jpg",1.0
"40/nm0247040_rm788051968_1967-3-1_2000.jpg   ",1.0
"49/nm0000349_rm4246575616_1962-10-11_2004.jpg",0.0
"48/nm0005248_rm2508364544_1974-2-18_2002.jpg ",0.0
"40/nm0711840_rm683258368_1969-3-28_2011.jpg  ",1.0
"45/nm0001845_rm3013711360_1961-7-15_2008.jpg ",1.0
"44/nm0308744_rm4112624384_1945-12-13_1966.jpg",0.0
"45/nm0005245_rm951096320_1970-4-20_2008.jpg  ",1.0
"47/nm0000147_rm3343709696_1960-9-10_2014.jpg ",1.0
"49/nm0466349_rm3073088000_1966-2-27_2002.jpg ",1.0
"48/nm1226448_rm711427840_1980-8-27_2010.jpg  ",0.0
"49/nm0654649_rm1745613312_1978-0-0_2015.jpg  ",1.0
"45/nm3485845_rm3440166400_1983-11-19_2014.jpg",1.0
"48/nm0836548_rm625777408_1954-1-6_2001.jpg   ",0.0
"47/nm0000147_rm509524736_1960-9-10_1989.jpg  ",0.0
"48/nm1497548_rm690728960_1996-2-9_2009.jpg   ",1.0
"45/nm0001745_rm1393341184_1951-6-13_2011.jpg ",1.0
"44/nm0817844_rm3598569216_1981-8-4_2013.jpg  ",0.0
"44/nm1443644_rm3604477696_1983-4-29_2013.jpg ",0.0
"40/nm0885840_rm4102143232_1986-5-12_2011.jpg ",0.0
"47/nm2357847_rm1860418560_1989-12-13_2011.jpg",0.0
"49/nm0005049_rm255301632_1959-11-19_1998.jpg ",1.0
"42/nm0504642_rm2928912128_1973-6-17_2013.jpg ",1.0
"43/nm0767443_rm2256122880_1964-6-21_2004.jpg ",0.0
"48/nm0001548_rm3158019584_1953-4-18_1994.jpg ",0.0
"48/nm0001448_rm2747909632_1949-4-20_2014.jpg ",0.0
"43/nm2215143_rm2098047232_1999-11-10_2012.jpg",0.0
"46/nm2240346_rm2327873024_1996-6-13_2010.jpg ",1.0
"48/nm0946148_rm1179500032_1959-10-23_2011.jpg",1.0
"43/nm0000243_rm295287296_1954-12-28_2002.jpg ",1.0
"43/nm0005443_rm2296157184_1951-9-13_2007.jpg ",0.0
"48/nm0906048_rm3568932864_1946-12-12_2006.jpg",0.0
"41/nm0000241_rm207270912_1960-10-18_2012.jpg ",1.0
"44/nm1715144_rm1973145088_1978-12-12_2012.jpg",0.0
"45/nm0005045_rm1246099200_1978-6-11_2014.jpg ",1.0
"41/nm0356641_rm360430336_1985-1-20_2011.jpg  ",0.0
"42/nm0504642_rm2909637632_1973-6-17_2010.jpg ",1.0
"48/nm0001448_rm3858095104_1949-4-20_2011.jpg ",0.0
"46/nm0001546_rm72998144_1936-12-29_1961.jpg  ",0.0
"45/nm2400045_rm2120664320_1989-1-9_2014.jpg  ",0.0
"40/nm1431940_rm2759954176_1979-8-3_2004.jpg  ",0.0
"45/nm0609845_rm2316151552_1973-2-25_2011.jpg ",1.0
"42/nm0000142_rm3629625344_1930-5-31_1990.jpg ",1.0
"46/nm0221046_rm746434816_1980-1-17_2011.jpg  ",0.0
"46/nm0221046_rm2101053184_1980-1-17_2011.jpg ",0.0
"42/nm0734442_rm1432341248_1976-4-4_2006.jpg  ",1.0
"49/nm0578949_rm3847861248_1974-3-5_2012.jpg  ",0.0
"49/nm0080049_rm2838278656_1973-12-11_2006.jpg",1.0
"40/nm1954240_rm365610752_1986-2-26_2014.jpg  ",0.0
"45/nm3485845_rm220245248_1983-11-19_2012.jpg ",1.0
"45/nm4682545_rm2162020096_2007-6-6_2009.jpg  ",0.0
"44/nm0001844_rm2215677440_1963-7-20_1993.jpg ",1.0
"45/nm0001445_rm3956390400_1928-6-20_1997.jpg ",1.0
"47/nm2796047_rm132109568_1978-12-18_2011.jpg ",1.0
"43/nm0000243_rm3839411968_1954-12-28_2014.jpg",1.0
"47/nm0000147_rm40222464_1960-9-10_2010.jpg   ",1.0
"48/nm0000148_rm1578621440_1942-7-13_2013.jpg ",1.0
"44/nm0385644_rm37400064_1965-9-21_2011.jpg   ",0.0
"43/nm0551243_rm2139672064_1925-1-1_1965.jpg  ",1.0
"40/nm0871240_rm3465988352_1940-3-7_1981.jpg  ",1.0
"49/nm0000149_rm4162042880_1962-11-19_2011.jpg",0.0
"46/nm0221046_rm943688704_1980-1-17_2006.jpg  ",1.0
"45/nm0000545_rm1714945792_1945-7-26_2015.jpg ",0.0
"40/nm2125540_rm895847680_1953-7-29_2004.jpg  ",0.0
"46/nm0000246_rm1645907456_1955-3-19_1998.jpg ",1.0
"41/nm1002641_rm684837376_1978-6-2_2014.jpg   ",1.0
"43/nm0000443_rm1346030592_1945-11-21_1975.jpg",1.0
"46/nm2864046_rm1777580032_1981-11-28_2010.jpg",0.0
"42/nm0004742_rm1365686528_1967-4-18_2011.jpg ",1.0
"45/nm0835045_rm1797364224_1979-12-11_1999.jpg",1.0
"40/nm1875040_rm3935427584_1981-10-30_2013.jpg",1.0
"43/nm1086543_rm3075249920_1985-12-3_2008.jpg ",0.0
"40/nm0238840_rm2777271808_1945-8-5_1974.jpg  ",1.0
"47/nm1417647_rm1374926336_1977-10-26_2007.jpg",1.0
"40/nm2978540_rm3049163264_1998-2-11_2008.jpg ",1.0
"41/nm2862041_rm1907546880_1994-6-23_2011.jpg ",1.0
"45/nm0283945_rm1658436096_1976-10-20_2011.jpg",1.0
"43/nm0000843_rm280464384_1931-9-17_1967.jpg  ",0.0
"48/nm0183548_rm3492403456_1960-0-0_2013.jpg  ",1.0
"41/nm0935541_rm1074458880_1984-11-28_2014.jpg",1.0
"49/nm0001449_rm2023927808_1938-1-1_2008.jpg  ",1.0
"49/nm0648249_rm3050681856_1968-5-20_2010.jpg ",1.0
"42/nm0000142_rm2284818176_1930-5-31_1966.jpg ",1.0
"43/nm2017943_rm3689804544_1982-4-5_2015.jpg  ",0.0
"42/nm0068042_rm2323947520_1986-5-26_2013.jpg ",0.0
"47/nm0004747_rm706445824_1978-9-4_2010.jpg   ",1.0
"46/nm0000346_rm2564070144_1980-8-26_2004.jpg ",1.0
"49/nm1763049_rm1773581568_1980-7-30_2009.jpg ",0.0
"40/nm0000640_rm2038550016_1940-8-3_1976.jpg  ",1.0
"43/nm0519043_rm2963779072_1978-6-2_2013.jpg  ",0.0
"45/nm0000545_rm624070144_1945-7-26_1996.jpg  ",0.0
"45/nm0000145_rm2469957120_1965-2-1_1993.jpg  ",0.0
"48/nm0000148_rm412257536_1942-7-13_1984.jpg  ",0.0
"49/nm0000949_rm2230360064_1969-5-14_2006.jpg ",1.0
"49/nm1940449_rm1259375616_1983-8-20_2009.jpg ",1.0
"45/nm4297645_rm737718016_1979-6-18_2010.jpg  ",1.0
"48/nm0424848_rm1661661696_1989-10-4_2015.jpg ",0.0
"45/nm0000545_rm3905192704_1945-7-26_2010.jpg ",0.0
"45/nm0005045_rm154638336_1978-6-11_2006.jpg  ",1.0
"45/nm0279545_rm2586614272_1976-2-3_2005.jpg  ",0.0
"41/nm0470941_rm1235388160_1992-11-18_2010.jpg",1.0
"48/nm0000648_rm889884160_1962-7-31_1989.jpg  ",0.0
"45/nm0609845_rm726849536_1973-2-25_2011.jpg  ",1.0
"42/nm0000242_rm2211488000_1971-6-5_2013.jpg  ",1.0
"44/nm0001644_rm911706368_1959-3-8_2009.jpg   ",0.0
"40/nm1954240_rm1322891776_1986-2-26_2011.jpg ",1.0
"45/nm0000545_rm3186917888_1945-7-26_2010.jpg ",0.0
"42/nm0628542_rm3908344576_1965-12-29_2003.jpg",1.0
"42/nm3652842_rm3764683776_1999-4-9_2011.jpg  ",1.0
"42/nm0005342_rm939055872_1969-1-6_2010.jpg   ",1.0
"42/nm3849842_rm3452281088_1996-2-21_2011.jpg ",0.0
"44/nm1165044_rm1324321024_1974-1-9_2009.jpg  ",1.0
"43/nm0114543_rm1484761856_1926-11-17_1968.jpg",1.0
"43/nm2342543_rm25464320_1986-7-16_2009.jpg   ",0.0
"44/nm0191044_rm1010348032_1964-12-29_2009.jpg",0.0
"47/nm0000047_rm3573071360_1934-9-20_1964.jpg ",0.0
"40/nm0141140_rm2016444928_1971-5-28_2007.jpg ",0.0
"47/nm0834947_rm2524558336_1960-3-25_2004.jpg ",0.0
"46/nm0002546_rm2051185152_1979-2-13_2002.jpg ",0.0
"46/nm3405146_rm771610368_1978-4-28_2011.jpg  ",1.0
"41/nm0004741_rm2546570496_1986-10-2_2008.jpg ",0.0
"42/nm3849842_rm3414936320_1996-2-21_2011.jpg ",0.0
"49/nm4387549_rm2738729472_1988-4-2_2011.jpg  ",0.0
"40/nm1555340_rm3755783168_1982-12-29_2012.jpg",0.0
"45/nm0283945_rm2027856896_1976-10-20_2013.jpg",1.0
"41/nm0000141_rm907856384_1960-8-7_2007.jpg   ",1.0
"40/nm0247040_rm1571339264_1967-3-1_2000.jpg  ",0.0
"49/nm1676649_rm3931240960_1979-11-18_2014.jpg",0.0
"42/nm0005042_rm1405067776_1963-6-6_2013.jpg  ",1.0
"45/nm0378245_rm3608851200_1970-9-11_2011.jpg ",0.0
"41/nm3226241_rm711033600_1997-11-18_2010.jpg ",1.0
"48/nm0001448_rm3492908544_1949-4-20_1991.jpg ",0.0
"40/nm1555340_rm1348988928_1982-12-29_2015.jpg",0.0
"41/nm0171041_rm2573715456_1968-2-8_1978.jpg  ",1.0
"41/nm0001441_rm3004337664_1950-4-4_1988.jpg  ",0.0
"40/nm0220240_rm2125508608_1962-9-2_2012.jpg  ",1.0
"44/nm0001444_rm3611793920_1958-1-20_2001.jpg ",1.0
"42/nm3849842_rm868929024_1996-2-21_2011.jpg  ",0.0
"48/nm0005148_rm37924864_1952-11-18_1992.jpg  ",1.0
"45/nm0000545_rm4267612672_1945-7-26_2006.jpg ",0.0
"48/nm0951148_rm2122380544_1985-5-10_2015.jpg ",0.0
"43/nm0221043_rm2036578048_1976-10-11_2005.jpg",1.0
"40/nm0238840_rm1552535040_1945-8-5_1974.jpg  ",1.0
"48/nm0424848_rm1095957760_1989-10-4_2015.jpg ",1.0
"44/nm0005444_rm976394752_1963-9-25_1999.jpg  ",0.0
"46/nm1599046_rm3173046784_1986-1-28_2013.jpg ",0.0
"40/nm2279940_rm1892332544_1984-7-27_2012.jpg ",0.0
"43/nm0001543_rm3569851136_1972-11-8_2003.jpg ",0.0
"43/nm0688143_rm3642340096_1964-9-22_2010.jpg ",1.0
"43/nm1086543_rm362319104_1985-12-3_2009.jpg  ",0.0
"46/nm0000246_rm4214396928_1955-3-19_1996.jpg ",1.0
"49/nm0000149_rm1910148096_1962-11-19_2005.jpg",0.0
"41/nm0171041_rm360237056_1968-2-8_1978.jpg   ",0.0
"44/nm0191044_rm193460736_1964-12-29_2010.jpg ",1.0
"40/nm0081540_rm2608893184_1960-4-15_2007.jpg ",0.0
"49/nm0080149_rm2056559104_1948-4-9_2005.jpg  ",0.0
"47/nm0000147_rm3070885632_1960-9-10_2015.jpg ",1.0
"43/nm0001543_rm149785856_1972-11-8_2007.jpg  ",0.0
"41/nm0000741_rm1134473216_1953-6-13_2006.jpg ",0.0
"49/nm0461149_rm2824320512_1978-10-25_2011.jpg",1.0
"49/nm0461149_rm2569050112_1978-10-25_2007.jpg",0.0
"43/nm0271843_rm1579909376_1953-0-0_2006.jpg  ",1.0
"46/nm0000246_rm1813231616_1955-3-19_1985.jpg ",1.0
"41/nm0122741_rm1233623296_1953-7-29_2007.jpg ",1.0
"44/nm2452244_rm2542046720_1985-4-3_2009.jpg  ",0.0
"44/nm1165044_rm222729216_1974-1-9_2002.jpg   ",1.0
"49/nm0000449_rm2054002944_1974-8-15_2001.jpg ",0.0
"40/nm1524440_rm1501886976_1981-1-26_2011.jpg ",1.0
"49/nm0000149_rm2579860480_1962-11-19_2005.jpg",0.0
"46/nm0004846_rm382835456_1974-3-17_2003.jpg  ",0.0
"45/nm2598945_rm1069468928_1995-10-15_2014.jpg",1.0
"47/nm2215447_rm1439092992_1986-11-28_2014.jpg",1.0
"45/nm0468045_rm3223828736_1981-6-7_2004.jpg  ",0.0
"49/nm0000949_rm3661296128_1969-5-14_2015.jpg ",0.0
"46/nm2050746_rm204393216_1989-9-26_2014.jpg  ",1.0
"40/nm1102140_rm3209212160_1974-7-29_2005.jpg ",1.0
"48/nm0004748_rm3897068032_1972-5-1_2009.jpg  ",0.0
"42/nm0000142_rm2871765248_1930-5-31_2012.jpg ",1.0
"49/nm0000849_rm1940970496_1969-3-1_2013.jpg  ",1.0
"40/nm4348240_rm3452543488_1990-4-14_2013.jpg ",1.0
"47/nm1659547_rm3523456000_1985-5-28_2013.jpg ",1.0
"46/nm0000146_rm3534261248_1962-12-22_2010.jpg",1.0
"40/nm0247040_rm3874534400_1967-3-1_2000.jpg  ",1.0
"49/nm1605049_rm2370733056_1980-6-29_2010.jpg ",1.0
"40/nm1954240_rm4256401920_1986-2-26_2008.jpg ",0.0
"46/nm1314546_rm1226489344_1975-2-25_2011.jpg ",0.0
"48/nm0654648_rm1850605056_1976-4-1_2014.jpg  ",1.0
"41/nm0000541_rm2735902208_1945-12-1_1988.jpg ",0.0
"46/nm0603446_rm2534443776_1953-2-27_2008.jpg ",0.0
"48/nm1162048_rm117355776_1985-6-7_2012.jpg   ",1.0
"46/nm0437646_rm3550343424_1972-4-8_2015.jpg  ",1.0
"43/nm0000243_rm4147103488_1954-12-28_2014.jpg",1.0
"41/nm0315041_rm3446049024_1961-6-25_2009.jpg ",1.0
"41/nm0935541_rm2931458048_1984-11-28_2010.jpg",0.0
"49/nm0241049_rm1205773312_1972-11-14_2013.jpg",1.0
"42/nm0004742_rm1937300992_1967-4-18_2013.jpg ",0.0
"47/nm1659547_rm2644213760_1985-5-28_2010.jpg ",0.0
"49/nm1940449_rm2194450944_1983-8-20_2012.jpg ",1.0
"49/nm0000849_rm2238743552_1969-3-1_2010.jpg  ",1.0
"43/nm0001543_rm3586628352_1972-11-8_2003.jpg ",0.0
"49/nm0578949_rm2546306560_1974-3-5_2009.jpg  ",0.0
"49/nm0000649_rm3280195072_1939-4-13_1977.jpg ",1.0
"41/nm1015541_rm3426072576_1984-9-17_2007.jpg ",0.0
"40/nm0247040_rm2633020416_1967-3-1_2000.jpg  ",1.0
"43/nm1580243_rm2393874688_1979-11-12_2003.jpg",1.0
"40/nm2279940_rm86174208_1984-7-27_2013.jpg   ",0.0
"46/nm0000246_rm3755319808_1955-3-19_2013.jpg ",1.0
"48/nm0322248_rm2088797184_1953-0-0_2010.jpg  ",1.0
"41/nm0171041_rm1064880128_1968-2-8_1978.jpg  ",1.0
"48/nm0424848_rm556445184_1989-10-4_2012.jpg  ",0.0
"46/nm2864046_rm347715072_1981-11-28_2011.jpg ",0.0
"47/nm0000147_rm2887555072_1960-9-10_2007.jpg ",1.0
"48/nm0846548_rm566334464_1973-7-19_2008.jpg  ",1.0
"45/nm0005545_rm2680458496_1937-9-26_2007.jpg ",1.0
"49/nm0000949_rm2414909440_1969-5-14_2006.jpg ",0.0
"46/nm0221046_rm3666128896_1980-1-17_2005.jpg ",1.0
"40/nm0001840_rm38913792_1963-11-20_2013.jpg  ",0.0
"44/nm2735044_rm848592896_1992-6-29_2010.jpg  ",1.0
"46/nm2240346_rm2834606080_1996-6-13_2012.jpg ",1.0
"45/nm4682545_rm538550784_2007-6-6_2009.jpg   ",1.0
"47/nm1659547_rm3877032192_1985-5-28_2014.jpg ",1.0
"43/nm0767443_rm2663156992_1964-6-21_2004.jpg ",0.0
"46/nm0249046_rm3556214272_1966-5-21_2004.jpg ",1.0
"41/nm0005541_rm2782959872_1972-7-23_2004.jpg ",1.0
"44/nm0000244_rm2057800704_1949-10-8_2004.jpg ",0.0
"44/nm0000244_rm840533248_1949-10-8_2001.jpg  ",1.0
"45/nm2400045_rm2567673344_1989-1-9_2007.jpg  ",0.0
"40/nm2279940_rm363905792_1984-7-27_2013.jpg  ",1.0
"47/nm0498247_rm3399277824_1967-4-22_1990.jpg ",1.0
"48/nm0001448_rm445549312_1949-4-20_2009.jpg  ",0.0
"42/nm0636942_rm2141425408_1981-11-17_2010.jpg",0.0
"45/nm0005545_rm813868800_1937-9-26_2013.jpg  ",1.0
"40/nm2836740_rm3559966720_1995-1-30_2013.jpg ",1.0
"45/nm0378245_rm3221848576_1970-9-11_2010.jpg ",1.0
"45/nm0000245_rm2574829568_1951-7-21_1978.jpg ",0.0
"45/nm2400045_rm3574113792_1989-1-9_2009.jpg  ",0.0
"41/nm0862841_rm1600695040_1947-9-25_2012.jpg ",1.0
"40/nm0326040_rm2428476160_1962-7-7_2005.jpg  ",1.0
"45/nm4682545_rm3615073792_2007-6-6_2009.jpg  ",1.0
"48/nm0001348_rm44272896_1942-9-5_2005.jpg    ",1.0
"48/nm0951148_rm1826272768_1985-5-10_2004.jpg ",1.0
"46/nm2240346_rm256147712_1996-6-13_2010.jpg  ",0.0
"47/nm2676147_rm1395117568_1985-3-26_2014.jpg ",1.0
"49/nm0080049_rm778878720_1973-12-11_2006.jpg ",1.0
"41/nm0778741_rm1416596992_1981-10-16_2009.jpg",0.0
"46/nm0698346_rm2435881728_1968-10-8_2007.jpg ",0.0
"45/nm2400045_rm124497920_1989-1-9_2009.jpg   ",0.0
"48/nm0946148_rm3591961856_1959-10-23_2015.jpg",1.0
"42/nm0604742_rm2310770176_1966-4-22_2009.jpg ",1.0
"48/nm0654648_rm1200619008_1976-4-1_2014.jpg  ",1.0
"47/nm0917347_rm4185377024_1985-12-25_2014.jpg",1.0
"46/nm0117146_rm3201946624_1974-10-18_2014.jpg",0.0
"43/nm0000343_rm3885282560_1943-3-15_2012.jpg ",0.0
"40/nm1285540_rm3360398080_1976-4-15_2003.jpg ",0.0
"43/nm0001543_rm1388690432_1972-11-8_2010.jpg ",0.0
"40/nm0871240_rm3247884544_1940-3-7_1981.jpg  ",1.0
"45/nm0111845_rm4124815360_1956-9-3_2008.jpg  ",0.0
"43/nm0004743_rm4114262272_1967-6-28_2012.jpg ",0.0
"40/nm1524440_rm2337057792_1981-1-26_2012.jpg ",1.0
"46/nm0221046_rm4097165568_1980-1-17_2011.jpg ",1.0
"40/nm0885840_rm2186534656_1986-5-12_2011.jpg ",0.0
"46/nm0718646_rm3375952384_1977-10-19_2015.jpg",1.0
"42/nm0734442_rm4272212480_1976-4-4_2006.jpg  ",1.0
"47/nm1659547_rm706841088_1985-5-28_2009.jpg  ",0.0
"46/nm0353546_rm757304064_1955-6-15_2009.jpg  ",1.0
"48/nm0659048_rm569478400_1990-5-2_2006.jpg   ",0.0
"48/nm0334048_rm2355677440_1950-6-6_1985.jpg  ",1.0
"45/nm2400045_rm2678634240_1989-1-9_2009.jpg  ",1.0
"44/nm0001744_rm2428940800_1961-11-29_2010.jpg",1.0
"47/nm0239447_rm583726848_1937-1-12_1964.jpg  ",0.0
"47/nm0071847_rm4250974464_1969-10-10_2011.jpg",1.0
"42/nm0004742_rm4115173120_1967-4-18_2008.jpg ",0.0
"46/nm0353546_rm530422016_1955-6-15_2001.jpg  ",0.0
"44/nm1206844_rm34846464_1975-2-26_2012.jpg   ",1.0
"43/nm0000843_rm2243395840_1931-9-17_1983.jpg ",0.0
"44/nm0659544_rm698991104_1972-5-31_2014.jpg  ",0.0
"43/nm0001543_rm3658393856_1972-11-8_2012.jpg ",0.0
"44/nm0191044_rm3176264192_1964-12-29_2010.jpg",1.0
"40/nm0001040_rm3464560128_1961-4-26_2014.jpg ",0.0
"46/nm0453746_rm3569916160_1973-11-7_2004.jpg ",0.0
"47/nm0834947_rm1202232064_1960-3-25_2005.jpg ",0.0
"49/nm0000149_rm1121618944_1962-11-19_2005.jpg",1.0
"45/nm0339745_rm3867002880_1978-5-26_1986.jpg ",1.0
"42/nm0735442_rm2828436736_1978-7-12_2009.jpg ",0.0
"44/nm0190744_rm1009036544_1966-6-30_2013.jpg ",0.0
"49/nm0004949_rm4244280576_1973-7-7_2008.jpg  ",1.0
"49/nm0000949_rm4177888256_1969-5-14_2001.jpg ",1.0
"40/nm0000240_rm4081752832_1970-1-20_1996.jpg ",1.0
"48/nm0005048_rm1611250944_1969-2-22_2011.jpg ",1.0
"42/nm0735442_rm2353237504_1978-7-12_2009.jpg ",0.0
"43/nm1086543_rm3004348928_1985-12-3_2011.jpg ",0.0
"42/nm0922342_rm3910192640_1978-6-10_2014.jpg ",1.0
"46/nm0000246_rm2543434240_1955-3-19_1996.jpg ",1.0
"42/nm0000142_rm562669824_1930-5-31_2012.jpg  ",0.0
"40/nm0000140_rm392332032_1944-9-25_2010.jpg  ",1.0
"48/nm0000148_rm2979106048_1942-7-13_1981.jpg ",1.0
"48/nm0424848_rm3727273472_1989-10-4_2012.jpg ",0.0
"43/nm2017943_rm1315372032_1982-4-5_2015.jpg  ",0.0
"47/nm1719447_rm2238832384_1983-0-0_2009.jpg  ",0.0
"46/nm0000246_rm807636480_1955-3-19_1991.jpg  ",1.0
"43/nm0000243_rm1103399936_1954-12-28_2006.jpg",1.0
"40/nm0000640_rm3394802688_1940-8-3_2008.jpg  ",1.0
"49/nm0582149_rm2078902528_1974-8-11_2009.jpg ",1.0
"45/nm0004645_rm2728627968_1972-2-29_2010.jpg ",1.0
"49/nm0582149_rm3003633920_1974-8-11_2012.jpg ",1.0
"44/nm0322144_rm4159543552_1952-1-28_2006.jpg ",1.0
"43/nm2017943_rm2141627904_1982-4-5_2013.jpg  ",0.0
"48/nm0005448_rm2698037504_1980-12-19_2010.jpg",1.0
"48/nm0000448_rm1683129344_1940-5-5_1984.jpg  ",1.0
"45/nm0000145_rm2664875008_1965-2-1_2014.jpg  ",0.0
"47/nm0004747_rm310810880_1978-9-4_2007.jpg   ",0.0
"42/nm0289142_rm3901983488_1966-7-14_2004.jpg ",1.0
"41/nm1166041_rm485160960_1986-2-19_2012.jpg  ",0.0
"40/nm0000140_rm3015940352_1944-9-25_2001.jpg ",1.0
"47/nm0942247_rm3220291328_1991-2-17_2011.jpg ",0.0
"49/nm0000249_rm1470929664_1947-4-18_1996.jpg ",0.0
"46/nm0636046_rm2320035840_1970-10-31_2010.jpg",0.0
"47/nm0714147_rm1510113792_1975-6-15_2010.jpg ",1.0
"40/nm0871240_rm2894777856_1940-3-7_1981.jpg  ",1.0
"49/nm0578949_rm1549633792_1974-3-5_2009.jpg  ",1.0
"41/nm0540441_rm3754547968_1984-11-21_2013.jpg",0.0
"42/nm0000242_rm1214874368_1971-6-5_2010.jpg  ",1.0
"45/nm0001845_rm258080512_1961-7-15_2014.jpg  ",0.0
"45/nm5204345_rm778166016_1999-8-13_2012.jpg  ",0.0
"45/nm3485845_rm3356280320_1983-11-19_2014.jpg",1.0
"44/nm0609944_rm828409088_1976-6-27_2010.jpg  ",1.0
"45/nm0684545_rm2808453632_1967-11-7_1965.jpg ",0.0
"44/nm0887144_rm617393152_1969-7-6_2009.jpg   ",0.0
"46/nm0005346_rm729520896_1975-11-8_2001.jpg  ",0.0
"41/nm0046541_rm2492570368_1974-3-7_2005.jpg  ",1.0
"40/nm2125540_rm3520891136_1953-7-29_2009.jpg ",0.0
"42/nm0002142_rm2263986432_1972-11-19_2012.jpg",0.0
"45/nm0001845_rm1693617408_1961-7-15_2006.jpg ",1.0
"41/nm0001441_rm940215808_1950-4-4_1990.jpg   ",0.0
"40/nm1555340_rm2163848960_1982-12-29_2007.jpg",0.0
"47/nm0710447_rm143776512_1979-6-2_2013.jpg   ",1.0
"48/nm0424848_rm972485120_1989-10-4_2015.jpg  ",0.0
"41/nm0334441_rm1358869504_1988-3-27_2011.jpg ",0.0
"49/nm0461149_rm3174009088_1978-10-25_2009.jpg",1.0
"40/nm1431940_rm3068433408_1979-8-3_2004.jpg  ",0.0
"47/nm0000547_rm201097728_1953-5-24_2010.jpg  ",1.0
"40/nm1102140_rm2444867840_1974-7-29_2005.jpg ",0.0
"49/nm0005049_rm2700461568_1959-11-19_2014.jpg",0.0
"40/nm1555340_rm3840586752_1982-12-29_2012.jpg",0.0
"46/nm1314546_rm3516050944_1975-2-25_2012.jpg ",0.0
"41/nm0005041_rm4085758720_1957-8-16_2010.jpg ",0.0
"43/nm2560043_rm1583923968_1990-8-9_2013.jpg  ",0.0
"41/nm0001641_rm4056527360_1964-6-10_1990.jpg ",1.0
"41/nm1443641_rm3674257408_1981-8-1_2007.jpg  ",0.0
"46/nm0221046_rm4040798208_1980-1-17_2011.jpg ",0.0
"49/nm0000949_rm1932957696_1969-5-14_2007.jpg ",0.0
"45/nm0378245_rm2771223040_1970-9-11_2010.jpg ",0.0
"46/nm2240346_rm2700388352_1996-6-13_2012.jpg ",1.0
"41/nm0004741_rm4166635776_1986-10-2_2013.jpg ",1.0
"45/nm0000245_rm4032661504_1951-7-21_2009.jpg ",1.0
"48/nm0000148_rm198481664_1942-7-13_2008.jpg  ",1.0
"45/nm0397445_rm4087580672_1978-4-13_2006.jpg ",0.0
"41/nm0470941_rm839036672_1992-11-18_2007.jpg ",1.0
"40/nm0646440_rm4042504192_1954-7-30_1987.jpg ",1.0
"47/nm1034247_rm2850721536_1990-11-2_2009.jpg ",1.0
"44/nm0088144_rm3505629184_1973-8-1_2012.jpg  ",0.0
"47/nm0000147_rm2900528896_1960-9-10_2009.jpg ",0.0
"42/nm3849842_rm561311744_1996-2-21_2011.jpg  ",1.0
"46/nm0000146_rm3290466048_1962-12-22_2010.jpg",1.0
"41/nm0000541_rm3173158400_1945-12-1_1990.jpg ",0.0
"47/nm0000147_rm2954663936_1960-9-10_2007.jpg ",1.0
"49/nm2555249_rm2874972416_1986-5-28_2003.jpg ",0.0
"48/nm1182048_rm452572928_1978-7-4_2012.jpg   ",0.0
"40/nm0711840_rm2891874560_1969-3-28_2010.jpg ",1.0
"42/nm0734442_rm1089511680_1976-4-4_2006.jpg  ",1.0
"40/nm2431340_rm136026112_1981-5-19_2006.jpg  ",0.0
"49/nm0731849_rm1532473344_1933-4-20_1989.jpg ",1.0
"42/nm0068042_rm2804785664_1986-5-26_2013.jpg ",0.0
"49/nm0241049_rm3975911680_1972-11-14_2003.jpg",1.0
"45/nm2598945_rm2875967744_1995-10-15_2012.jpg",1.0
"43/nm0000243_rm1060024576_1954-12-28_2012.jpg",1.0
"44/nm1140344_rm1847695360_1977-3-30_2004.jpg ",1.0
"41/nm0000141_rm3978753024_1960-8-7_2015.jpg  ",1.0
"46/nm0001046_rm2483197952_1941-4-14_1965.jpg ",1.0
"42/nm0811242_rm1852962560_1986-3-9_2015.jpg  ",0.0
"45/nm2605345_rm3241848064_1986-2-2_2013.jpg  ",0.0
"42/nm0735442_rm1091407616_1978-7-12_2010.jpg ",0.0
"41/nm0893341_rm785107968_1919-7-14_1969.jpg  ",1.0
"41/nm0000241_rm4239426816_1960-10-18_1999.jpg",0.0
"41/nm0646241_rm180406528_1979-6-1_2009.jpg   ",1.0
"48/nm0001548_rm472288768_1953-4-18_1993.jpg  ",1.0
"43/nm0000243_rm4199910912_1954-12-28_2010.jpg",1.0
"43/nm0221043_rm4181909248_1976-10-11_2005.jpg",0.0
"48/nm0654648_rm1938816512_1976-4-1_2014.jpg  ",0.0
"46/nm0000246_rm4136544512_1955-3-19_2012.jpg ",1.0
"49/nm2490049_rm3057505024_1991-10-30_2007.jpg",0.0
"44/nm0088144_rm3682322432_1973-8-1_1984.jpg  ",0.0
"43/nm0000443_rm3837040640_1945-11-21_1995.jpg",1.0
"43/nm0000243_rm2999944960_1954-12-28_2010.jpg",1.0
"44/nm0190744_rm3839411968_1966-6-30_2014.jpg ",1.0
"47/nm2796047_rm638187264_1978-12-18_2011.jpg ",1.0
"47/nm1482647_rm1147584256_1984-2-18_2009.jpg ",0.0
"48/nm1053148_rm412417024_1975-9-4_2015.jpg   ",1.0
"46/nm0001546_rm962190592_1936-12-29_1961.jpg ",1.0
"49/nm0139549_rm4197309696_1975-8-13_2009.jpg ",0.0
"49/nm1239049_rm3664165888_1983-5-16_2011.jpg ",1.0
"42/nm0005042_rm855874304_1963-6-6_2000.jpg   ",1.0
"47/nm0000547_rm2619644672_1953-5-24_2007.jpg ",1.0
"40/nm0788340_rm3292839936_1964-9-16_2014.jpg ",0.0
"44/nm0887144_rm1374526208_1969-7-6_2001.jpg  ",1.0
"47/nm0001447_rm4146764544_1956-2-3_1998.jpg  ",1.0
"48/nm0004748_rm3021322752_1972-5-1_2010.jpg  ",1.0
"45/nm0642145_rm126793984_1946-4-12_2009.jpg  ",1.0
"42/nm0000242_rm2813625344_1971-6-5_2010.jpg  ",1.0
"47/nm0320547_rm945207040_1973-8-24_2004.jpg  ",0.0
"43/nm1086543_rm2416742144_1985-12-3_2010.jpg ",0.0
"47/nm0716347_rm9611008_1970-9-29_2013.jpg    ",1.0
"42/nm2933542_rm1606394368_1981-9-1_2013.jpg  ",1.0
"43/nm0688143_rm4038505728_1964-9-22_2012.jpg ",1.0
"42/nm0735442_rm318478592_1978-7-12_2002.jpg  ",0.0
"47/nm2210947_rm202097152_1984-10-5_2013.jpg  ",0.0
"47/nm0906547_rm4141849344_1973-7-22_2005.jpg ",1.0
"48/nm0001448_rm346610944_1949-4-20_2011.jpg  ",0.0
"49/nm0000949_rm586586112_1969-5-14_2007.jpg  ",0.0
"47/nm0005347_rm1014614016_1944-12-19_1978.jpg",1.0
"41/nm0334441_rm2826217216_1988-3-27_2013.jpg ",0.0
"44/nm0004744_rm2931281664_1957-10-17_1994.jpg",1.0
"49/nm0005049_rm2430444032_1959-11-19_2013.jpg",1.0
"47/nm2357847_rm664833792_1989-12-13_2010.jpg ",0.0
"40/nm0000140_rm1348847616_1944-9-25_1972.jpg ",1.0
"45/nm0217645_rm2038871808_1979-9-9_2011.jpg  ",0.0
"43/nm0000243_rm3334915840_1954-12-28_2014.jpg",1.0
"48/nm0005048_rm2237825792_1969-2-22_2009.jpg ",1.0
"41/nm0122741_rm3448740608_1953-7-29_2006.jpg ",1.0
"44/nm0191044_rm2454489856_1964-12-29_2009.jpg",1.0
"46/nm2050746_rm3777879296_1989-9-26_2013.jpg ",0.0
"44/nm0559144_rm2874252032_1965-8-24_2005.jpg ",0.0
"42/nm0001642_rm96204544_1950-10-1_1975.jpg   ",1.0
"45/nm0135245_rm3939211520_1947-12-25_2007.jpg",0.0
"40/nm0646440_rm3594161664_1954-7-30_1994.jpg ",1.0
"48/nm0004748_rm2856947456_1972-5-1_2004.jpg  ",0.0
"41/nm0891641_rm1689956352_1964-12-23_2011.jpg",0.0
"47/nm0147147_rm2333194240_1983-5-5_2011.jpg  ",1.0
"49/nm0578949_rm3149109248_1974-3-5_2002.jpg  ",0.0
"47/nm0668247_rm2821709056_1961-2-10_2013.jpg ",1.0
"47/nm0001347_rm2334775552_1948-2-5_2013.jpg  ",0.0
"41/nm0001441_rm2903087872_1950-4-4_1999.jpg  ",0.0
"46/nm0000246_rm174639360_1955-3-19_1985.jpg  ",1.0
"47/nm2796047_rm1821037056_1978-12-18_2011.jpg",0.0
"40/nm2279940_rm3992422656_1984-7-27_2009.jpg ",0.0
"43/nm0221043_rm147965184_1976-10-11_2005.jpg ",1.0
"42/nm0000242_rm4202417152_1971-6-5_2003.jpg  ",1.0
"46/nm0001146_rm2842007808_1957-7-20_1980.jpg ",1.0
"40/nm1119340_rm2747831296_1977-2-18_2008.jpg ",1.0
"42/nm0005342_rm3827160064_1969-1-6_2010.jpg  ",1.0
"49/nm0000349_rm4180582912_1962-10-11_2011.jpg",0.0
"46/nm0000146_rm1329371648_1962-12-22_2002.jpg",1.0
"44/nm0191044_rm511230720_1964-12-29_2010.jpg ",1.0
"48/nm0005148_rm3964966912_1952-11-18_1996.jpg",1.0
"44/nm0088144_rm4260603904_1973-8-1_2012.jpg  ",0.0
"48/nm0004748_rm2890501888_1972-5-1_2004.jpg  ",0.0
"48/nm0001448_rm784505600_1949-4-20_2003.jpg  ",0.0
"43/nm0221043_rm1010150656_1976-10-11_2005.jpg",0.0
"47/nm0005447_rm2513869568_1983-6-10_2002.jpg ",0.0
"46/nm0221046_rm396072704_1980-1-17_2008.jpg  ",0.0
"43/nm0001143_rm3638607616_1965-8-19_2004.jpg ",1.0
"47/nm0834947_rm2323231744_1960-3-25_2004.jpg ",1.0
"46/nm1821446_rm3994678528_1974-0-0_2011.jpg  ",0.0
"44/nm1715144_rm1278000384_1978-12-12_2010.jpg",0.0
"45/nm2312345_rm3785064448_1985-3-22_2010.jpg ",1.0
"48/nm0120648_rm767596544_1971-3-1_2003.jpg   ",0.0
"47/nm0213847_rm40475392_1982-12-28_2006.jpg  ",1.0
"46/nm0001346_rm4270754816_1943-7-21_2003.jpg ",1.0
"44/nm2811944_rm3767577600_1988-3-4_2012.jpg  ",1.0
"43/nm0005343_rm3808988672_1931-7-6_1989.jpg  ",0.0
"42/nm0922342_rm1503449856_1978-6-10_2010.jpg ",1.0
"43/nm0341743_rm378850816_1947-7-31_1987.jpg  ",1.0
"49/nm1763049_rm4066477312_1980-7-30_2011.jpg ",0.0
"48/nm0004748_rm283739136_1972-5-1_2010.jpg   ",0.0
"45/nm2340245_rm3385980928_1984-12-6_2014.jpg ",0.0
"49/nm0000249_rm2064289280_1947-4-18_1989.jpg ",1.0
"47/nm0000147_rm3705125888_1960-9-10_1986.jpg ",1.0
"49/nm2002649_rm2767036928_1985-6-12_2013.jpg ",1.0
"43/nm0000243_rm3403976448_1954-12-28_2010.jpg",1.0
"40/nm0365140_rm3209802240_1976-9-6_2012.jpg  ",0.0
"45/nm0005045_rm1893439232_1978-6-11_2008.jpg ",1.0
"49/nm0809049_rm448841984_1980-6-19_2009.jpg  ",0.0
"49/nm0466349_rm721000448_1966-2-27_2005.jpg  ",1.0
"41/nm0000741_rm4080054272_1953-6-13_1991.jpg ",1.0
"44/nm0001744_rm2146740224_1961-11-29_2012.jpg",1.0
"47/nm2676147_rm952937728_1985-3-26_2013.jpg  ",1.0
"41/nm0000641_rm1446809088_1955-3-17_1995.jpg ",1.0
"40/nm0000140_rm1554548480_1944-9-25_1993.jpg ",1.0
"48/nm0418148_rm3663889408_1931-3-27_1963.jpg ",1.0
"43/nm0001543_rm1938856192_1972-11-8_2007.jpg ",0.0
"41/nm0004741_rm1274321152_1986-10-2_2006.jpg ",0.0
"48/nm0657848_rm760328192_1944-1-25_1970.jpg  ",0.0
"47/nm0005447_rm3700267776_1983-6-10_2002.jpg ",0.0
"43/nm0000243_rm2991102464_1954-12-28_2002.jpg",1.0
"41/nm0003941_rm3944188416_1961-5-8_2008.jpg  ",1.0
"49/nm0000949_rm1916180480_1969-5-14_2007.jpg ",0.0
"47/nm0000147_rm3805253120_1960-9-10_2009.jpg ",1.0
"40/nm2279940_rm4180601344_1984-7-27_2013.jpg ",0.0
"48/nm0000448_rm999791104_1940-5-5_1996.jpg   ",1.0
"42/nm0000142_rm2431945728_1930-5-31_2004.jpg ",1.0
"44/nm0659544_rm3556242432_1972-5-31_2015.jpg ",1.0
"47/nm1027847_rm2961283072_1980-10-31_2002.jpg",0.0
"46/nm0002546_rm586921728_1979-2-13_2012.jpg  ",1.0
"45/nm0005545_rm897754880_1937-9-26_2013.jpg  ",1.0
"48/nm0424848_rm640331264_1989-10-4_2012.jpg  ",0.0
"40/nm0005240_rm2757656832_1965-9-11_2010.jpg ",1.0
"40/nm0151540_rm2171440384_1968-4-9_2006.jpg  ",1.0
"43/nm1580243_rm432781568_1979-11-12_2003.jpg ",1.0
"40/nm1102140_rm3990542080_1974-7-29_2013.jpg ",1.0
"40/nm0411440_rm2398329600_1975-7-19_2005.jpg ",0.0
"46/nm0001546_rm123329792_1936-12-29_1961.jpg ",0.0
"48/nm1659348_rm2796071680_1982-1-7_2010.jpg  ",0.0
"40/nm0001740_rm2088881664_1947-7-9_1976.jpg  ",1.0
"48/nm1182048_rm17019136_1978-7-4_2005.jpg    ",1.0
"44/nm1140344_rm1806206720_1977-3-30_2009.jpg ",1.0
"49/nm0809049_rm372424192_1980-6-19_2011.jpg  ",1.0
"41/nm0334441_rm9499392_1988-3-27_2015.jpg    ",0.0
"40/nm1102140_rm2895557120_1974-7-29_2005.jpg ",0.0
"40/nm2358540_rm3720654848_1984-7-12_2008.jpg ",0.0
"49/nm0648249_rm1848882944_1968-5-20_2010.jpg ",1.0
"47/nm0000147_rm697669120_1960-9-10_2007.jpg  ",0.0
"46/nm0002546_rm635090688_1979-2-13_2012.jpg  ",0.0
"45/nm0642145_rm1176211200_1946-4-12_2009.jpg ",1.0
"43/nm0425543_rm3522344448_1963-7-13_2011.jpg ",1.0
"42/nm3849842_rm3950625536_1996-2-21_2011.jpg ",0.0
"45/nm0279545_rm1077643776_1976-2-3_2009.jpg  ",1.0
"47/nm0005447_rm3183908864_1983-6-10_2001.jpg ",0.0
"47/nm1569147_rm356222720_1982-0-0_2010.jpg   ",0.0
"45/nm2400045_rm4279015168_1989-1-9_2008.jpg  ",0.0
"42/nm0000242_rm2712962048_1971-6-5_2010.jpg  ",1.0
"47/nm1221047_rm1944499712_1971-3-22_2012.jpg ",1.0
"40/nm0885840_rm1512813312_1986-5-12_2011.jpg ",0.0
"40/nm0220240_rm72866560_1962-9-2_2013.jpg    ",0.0
"45/nm0000245_rm924310528_1951-7-21_1994.jpg  ",0.0
"45/nm0279545_rm206682880_1976-2-3_2006.jpg   ",1.0
"48/nm0001448_rm881129984_1949-4-20_2011.jpg  ",0.0
"48/nm0001448_rm4161176576_1949-4-20_1994.jpg ",0.0
"40/nm0078940_rm2860107776_1926-7-26_1979.jpg ",1.0
"48/nm0219748_rm86546432_1965-4-14_2002.jpg   ",1.0
"41/nm0778741_rm588296704_1981-10-16_2007.jpg ",0.0
"41/nm2862041_rm1592637440_1994-6-23_2011.jpg ",1.0
"46/nm0000246_rm3439690752_1955-3-19_2001.jpg ",1.0
"41/nm0005541_rm470063104_1972-7-23_1998.jpg  ",1.0
"44/nm0000244_rm4144795392_1949-10-8_2010.jpg ",0.0
"47/nm0942247_rm1028491008_1991-2-17_2010.jpg ",0.0
"47/nm0320547_rm2497688576_1973-8-24_2004.jpg ",1.0
"49/nm0001749_rm841592320_1934-12-28_2012.jpg ",1.0
"41/nm0484541_rm3969119232_1969-9-30_2014.jpg ",1.0
"45/nm0339745_rm1012509440_1978-5-26_1986.jpg ",1.0
"49/nm2555249_rm2455542016_1986-5-28_2003.jpg ",0.0
"41/nm1126641_rm3956579072_1985-10-23_2004.jpg",0.0
"47/nm0147147_rm482652672_1983-5-5_2011.jpg   ",1.0
"48/nm0000448_rm3812788736_1940-5-5_2008.jpg  ",1.0
"49/nm0001349_rm3569061376_1979-2-21_2009.jpg ",0.0
"47/nm2796047_rm1485109760_1978-12-18_2011.jpg",0.0
"42/nm0000242_rm3605759488_1971-6-5_2010.jpg  ",1.0
"44/nm0000244_rm1757840896_1949-10-8_1993.jpg ",0.0
"41/nm0266441_rm1245220352_1961-5-13_1994.jpg ",0.0
"48/nm0005448_rm1932561920_1980-12-19_2000.jpg",0.0
"48/nm0001048_rm2345179392_1957-9-29_1990.jpg ",1.0
"41/nm0005441_rm2377577984_1977-8-8_2014.jpg  ",0.0
"41/nm0042641_rm2214574080_1952-7-31_1988.jpg ",1.0
"43/nm0221043_rm3073957376_1976-10-11_2005.jpg",0.0
"41/nm0905741_rm131909888_1935-4-13_1975.jpg  ",1.0
"42/nm0000542_rm1824446720_1964-1-13_2013.jpg ",0.0
"47/nm1268047_rm753831168_1982-5-8_2010.jpg   ",0.0
"46/nm0221046_rm334739456_1980-1-17_2011.jpg  ",0.0
"40/nm2125540_rm1152548864_1953-7-29_2004.jpg ",1.0
"41/nm1002641_rm1233361152_1978-6-2_2008.jpg  ",0.0
"44/nm0000244_rm1868165888_1949-10-8_2015.jpg ",0.0
"47/nm0722647_rm3708524544_1983-1-7_1999.jpg  ",1.0
"43/nm0221043_rm874503424_1976-10-11_2005.jpg ",0.0
"42/nm0000142_rm4263477248_1930-5-31_1992.jpg ",1.0
"45/nm2605345_rm839296000_1986-2-2_2012.jpg   ",0.0
"49/nm2929749_rm2170987520_1990-10-17_2012.jpg",0.0
"49/nm0809049_rm1250855680_1980-6-19_2000.jpg ",0.0
"41/nm0484541_rm1207480576_1969-9-30_2012.jpg ",1.0
"41/nm0004941_rm2064751104_1976-8-6_2004.jpg  ",0.0
"49/nm0648249_rm1167887616_1968-5-20_2010.jpg ",1.0
"49/nm0349749_rm3543643136_1952-8-12_2007.jpg ",0.0
"49/nm2555249_rm2505873664_1986-5-28_2003.jpg ",0.0
"42/nm0502342_rm1973727488_1981-4-2_2003.jpg  ",1.0
"45/nm0642145_rm415811072_1946-4-12_2014.jpg  ",0.0
"46/nm0000246_rm1209051904_1955-3-19_2012.jpg ",1.0
"49/nm0582149_rm2516239616_1974-8-11_2012.jpg ",1.0
"43/nm0221043_rm2841819136_1976-10-11_2005.jpg",0.0
"47/nm0001447_rm1655233792_1956-2-3_2009.jpg  ",1.0
"49/nm0648249_rm522691328_1968-5-20_2010.jpg  ",1.0
"49/nm0167649_rm3809970432_1958-2-21_2008.jpg ",1.0
"42/nm0001442_rm2635373312_1968-9-21_2008.jpg ",0.0
"43/nm0000243_rm3794781952_1954-12-28_2014.jpg",1.0
"43/nm0001043_rm335853312_1980-12-3_2012.jpg  ",1.0
"45/nm0000545_rm2236711680_1945-7-26_2010.jpg ",0.0
"45/nm0005045_rm2083750912_1978-6-11_1998.jpg ",0.0
"44/nm0385644_rm1618136064_1965-9-21_2011.jpg ",1.0
"48/nm3818748_rm2004796928_1990-8-28_2014.jpg ",0.0
"43/nm0519043_rm3940453632_1978-6-2_2007.jpg  ",1.0
"44/nm0817844_rm787325440_1981-8-4_2013.jpg   ",0.0
"48/nm1659348_rm410698496_1982-1-7_2010.jpg   ",0.0
"46/nm0000246_rm292657664_1955-3-19_2006.jpg  ",1.0
"42/nm0604742_rm2563347712_1966-4-22_2008.jpg ",1.0
"44/nm0088144_rm2440808448_1973-8-1_1984.jpg  ",0.0
"49/nm0578949_rm940022272_1974-3-5_2003.jpg   ",0.0
"46/nm0000246_rm1353361664_1955-3-19_2012.jpg ",1.0
"46/nm0221046_rm84257024_1980-1-17_2012.jpg   ",1.0
"49/nm2002649_rm3506882816_1985-6-12_2014.jpg ",1.0
"46/nm0531546_rm1648086016_1952-2-12_1978.jpg ",0.0
"45/nm1478045_rm700750080_1982-7-20_2004.jpg  ",1.0
"42/nm0005042_rm831035392_1963-6-6_2004.jpg   ",1.0
"44/nm0547544_rm3231107328_1950-3-31_1981.jpg ",1.0
"43/nm0065743_rm2937312000_1975-5-2_2013.jpg  ",1.0
"46/nm0005346_rm368482560_1975-11-8_1999.jpg  ",0.0
"42/nm0004942_rm3174799872_1966-11-17_2000.jpg",0.0
"45/nm0000345_rm2079168768_1948-3-14_2001.jpg ",1.0
"44/nm0001844_rm2668201984_1963-7-20_2009.jpg ",1.0
"43/nm2215143_rm1289147136_1999-11-10_2013.jpg",0.0
"45/nm0296545_rm98089472_1972-3-28_2011.jpg   ",0.0
"40/nm0933940_rm1435280640_1973-7-3_2013.jpg  ",1.0
"49/nm0578949_rm990353920_1974-3-5_2003.jpg   ",0.0
"46/nm0193846_rm3530995968_1982-11-30_2011.jpg",0.0
"45/nm0001445_rm3618215936_1928-6-20_2000.jpg ",1.0
"42/nm0922342_rm3168186112_1978-6-10_2010.jpg ",0.0
"43/nm0000243_rm65705984_1954-12-28_2001.jpg  ",1.0
"45/nm0609845_rm1556469760_1973-2-25_2011.jpg ",1.0
"48/nm0846548_rm2800981504_1973-7-19_2008.jpg ",1.0
"45/nm0609845_rm205107200_1973-2-25_2011.jpg  ",1.0
"40/nm0000240_rm4141586688_1970-1-20_1996.jpg ",0.0
"46/nm1367246_rm2694562560_1982-1-4_2013.jpg  ",0.0
"44/nm0539944_rm1543296512_1974-5-1_1997.jpg  ",0.0
"43/nm0000443_rm3374681600_1945-11-21_1992.jpg",0.0
"46/nm0181246_rm1351661568_1973-11-24_2011.jpg",0.0
"46/nm0000246_rm2842525696_1955-3-19_2010.jpg ",0.0
"45/nm0642145_rm3677665024_1946-4-12_2009.jpg ",1.0
"47/nm1659547_rm2479662848_1985-5-28_2013.jpg ",1.0
"43/nm0700443_rm605456896_1979-4-9_2009.jpg   ",0.0
"46/nm0005346_rm733516800_1975-11-8_2008.jpg  ",0.0
"46/nm0221046_rm484557824_1980-1-17_2011.jpg  ",0.0
"49/nm0001349_rm903514880_1979-2-21_2009.jpg  ",0.0
"49/nm0241049_rm331908608_1972-11-14_2010.jpg ",1.0
"44/nm0189144_rm3127748096_1964-4-4_2003.jpg  ",1.0
"40/nm0432040_rm4282092032_1951-5-4_2009.jpg  ",1.0
"40/nm0220240_rm1125497600_1962-9-2_2010.jpg  ",1.0
"43/nm0000343_rm1472442368_1943-3-15_2011.jpg ",0.0
"45/nm0000245_rm835164160_1951-7-21_2006.jpg  ",1.0
"46/nm0221046_rm1540225280_1980-1-17_2011.jpg ",1.0
"43/nm0221043_rm1407039744_1976-10-11_2005.jpg",0.0
"48/nm0654648_rm1491533568_1976-4-1_2014.jpg  ",1.0
"44/nm0189144_rm4138121728_1964-4-4_2002.jpg  ",1.0
"46/nm0000146_rm466393088_1962-12-22_2005.jpg ",1.0
"45/nm0339745_rm995732224_1978-5-26_1986.jpg  ",1.0
"43/nm0221043_rm546811648_1976-10-11_2005.jpg ",0.0
"49/nm2555249_rm3654982400_1986-5-28_2007.jpg ",0.0